Tim;Abe;Dorfstraße;43;10115;Berlin;01577 / 74431738
Franz;Brown;Schulstraße;50;70173;Dortmund;01514 / 65502510
Carmen;Wilson;Mühlenweg;147;80331;Hamburg;01511 / 48330609
Yara;Sanchez;Gartenstraße;115;50667;Berlin;01505 / 38546300
Marvin;Meyer;Wiesenweg;81;50667;Hamburg;01520 / 70144046
Mila;Ikeda;Bergstraße;134;44135;München;0173 / 84735715
Carmen;Lewis;Gartenstraße;65;80331;Köln;0173 / 41316910
Jakob;Gonzalez;Bergstraße;17;45127;Essen;01573 / 66511552
Andreas;Saito;Dorfstraße;102;20095;Leipzig;0171 / 47757101
Klaus;Rivera;Gartenstraße;107;44135;Köln;0171 / 74697378
Sami;Saito;Mühlenweg;70;44135;Leipzig;01514 / 48194284
Carla;Rangel;Schulstraße;120;40213;Leipzig;01512 / 14508963
Anna;Mori;Schulstraße;132;10115;Berlin;01505 / 21275995
Beatriz;Scott;Hauptstraße;60;10115;Hamburg;0173 / 41517998
Peter;Osman;Waldstraße;107;70173;Stuttgart;0175 / 53464753
Valentina;Keller;Hauptstraße;93;60311;Düsseldorf;0160 / 27721664
Rafael;Hernandez;Bahnhofstraße;54;80331;Hamburg;01570 / 79068657
Marta;Clark;Bahnhofstraße;100;44135;Essen;01512 / 50949208
Zain;Patel;Wiesenweg;134;80331;Dortmund;01512 / 38173016
Sara;Jung;Bahnhofstraße;102;50667;München;0160 / 32943330
Jakob;Walker;Mühlenweg;139;41061;Stuttgart;0160 / 78945959
Salma;Green;Dorfstraße;101;60311;Berlin;0172 / 41270855
Manuel;Garcia;Bergstraße;2;44135;Leipzig;01511 / 73449881
Zain;Vargas;Wiesenweg;67;10115;München;01505 / 8440208
Elijah;Almeida;Gartenstraße;80;60311;Köln;0170 / 6735425
Elena;Chavez;Waldstraße;128;45127;Berlin;01511 / 30313375
Valentina;Rangel;Kirchstraße;119;10115;Dortmund;01520 / 68262056
Jose;Hernandez;Wiesenweg;42;10115;Stuttgart;0170 / 4195921
Tim;Mostafa;Schulstraße;48;44135;Düsseldorf;01525 / 11875593
Pilar;Sharma;Gartenstraße;136;20095;Frankfurt;01514 / 79672279
Marvin;Fischer;Wiesenweg;53;45127;Frankfurt;0172 / 43925240
Zain;Aziz;Mühlenweg;106;41061;Köln;0173 / 68841519
Lina;Hall;Hauptstraße;82;40213;Köln;0176 / 70716686
Julio;Chavez;Bergstraße;110;20095;Essen;0174 / 13050901
Ben;Okada;Bahnhofstraße;16;50667;Köln;0162 / 40353345
Leon;Klein;Bahnhofstraße;131;80331;Hamburg;01512 / 77766791
Elijah;Evans;Bahnhofstraße;44;60311;Dortmund;0162 / 88715275
Fatima;Keller;Bahnhofstraße;16;10115;Dortmund;01522 / 21990911
Hans;Gomez;Schulstraße;118;20095;Frankfurt;0173 / 13634773
Mateo;Yoshida;Hauptstraße;57;40213;Dortmund;0159 / 23088926
Ravi;Abbas;Waldstraße;106;50667;Hamburg;01522 / 78470695
Zara;Ali;Kirchstraße;4;20095;Stuttgart;0177 / 65684697
Marvin;Medina;Schulstraße;3;80331;Hamburg;0179 / 78723093
Marta;Koch;Bergstraße;95;60311;Berlin;01515 / 84519503
Elijah;Nakamura;Dorfstraße;50;20095;Stuttgart;0178 / 60631399
Klaus;Inoue;Gartenstraße;66;80331;Köln;0171 / 16385457
Marvin;Walker;Waldstraße;127;45127;Stuttgart;01522 / 31563288
Greta;Davis;Wiesenweg;131;10115;Stuttgart;0174 / 40486006
Isabella;Sousa;Mühlenweg;123;70173;Leipzig;0175 / 76600895
Hans;Baker;Gartenstraße;68;80331;Hamburg;0177 / 36652647
Hans;Watanabe;Bergstraße;57;60311;Dortmund;0170 / 43156853
Bilal;Hasegawa;Gartenstraße;104;40213;Dortmund;0172 / 74172927
Layla;Clark;Dorfstraße;93;80331;Stuttgart;0159 / 13040195
Hannah;Lopez;Kirchstraße;16;10115;Dortmund;0177 / 32025980
Ali;Gomez;Mühlenweg;140;60311;Berlin;01577 / 43937757
Marie;Yoshida;Schulstraße;83;70173;Stuttgart;0170 / 43484221
Lina;Carter;Bergstraße;30;60311;Dortmund;0170 / 49991138
Lucia;Jung;Hauptstraße;144;60311;Köln;0174 / 26031174
Rafael;Bhat;Wiesenweg;91;60311;Hamburg;0176 / 25994839
Mila;Martin;Schulstraße;142;60311;Stuttgart;0162 / 87387729
Faris;Sato;Gartenstraße;107;45127;Dortmund;0163 / 26772741
Luis;Ramos;Bahnhofstraße;89;10115;Hamburg;0179 / 61731877
Mila;Garcia;Bergstraße;22;41061;Hamburg;0178 / 14184287
Hassan;Herrera;Dorfstraße;60;70173;Leipzig;0173 / 40359937
Liam;Farouk;Gartenstraße;96;20095;München;0178 / 44965613
Nadia;Khalil;Hauptstraße;146;40213;Leipzig;0170 / 30222335
Eva;Ortega;Mühlenweg;142;80331;Dortmund;0175 / 30001309
Pablo;Clark;Wiesenweg;57;60311;Hamburg;01512 / 31860411
Luis;Paredes;Gartenstraße;62;44135;Köln;0179 / 20123269
Zain;Yamaguchi;Waldstraße;106;45127;Hamburg;01515 / 54133516
Tim;Martinez;Hauptstraße;66;10115;München;01515 / 31792649
Noah;Ortiz;Gartenstraße;26;10115;Köln;0174 / 86449397
Tim;Moreau;Dorfstraße;122;60311;Stuttgart;01515 / 74295401
Isabella;Okada;Bahnhofstraße;96;41061;München;0170 / 40247676
Emma;Klein;Mühlenweg;107;10115;Stuttgart;01577 / 6453006
Juan;Hayashi;Hauptstraße;45;70173;Köln;0160 / 79175205
Alba;Okada;Dorfstraße;5;40213;Leipzig;0176 / 55250384
Rami;Montoya;Bergstraße;54;41061;Berlin;0178 / 52516152
Jakob;Rossi;Waldstraße;60;50667;Frankfurt;0159 / 83334365
Anna;Thompson;Dorfstraße;22;44135;Hamburg;01573 / 81861638
Leon;Zayed;Wiesenweg;22;80331;Essen;01514 / 56668981
Clara;Kobayashi;Gartenstraße;148;60311;Köln;0178 / 60906233
Fatima;Farouk;Waldstraße;60;60311;Leipzig;0176 / 66826183
Mustafa;Habib;Mühlenweg;105;60311;Hamburg;0177 / 88238323
Noah;Vazquez;Kirchstraße;48;70173;Essen;01525 / 43027077
Anna;Mohammed;Waldstraße;42;41061;Köln;0171 / 13924534
Sami;Martinez;Bahnhofstraße;44;60311;Köln;0176 / 6644783
Mateo;Pereira;Bahnhofstraße;111;10115;Dortmund;0159 / 23396346
Heidi;Ibrahim;Mühlenweg;29;45127;Leipzig;01522 / 44005695
Lina;Okada;Mühlenweg;130;80331;Düsseldorf;0174 / 38771414
Ben;Keller;Gartenstraße;11;60311;Dortmund;01505 / 31686538
Tim;Santana;Wiesenweg;20;70173;Berlin;01525 / 9819928
Sara;Evans;Wiesenweg;33;70173;Düsseldorf;0179 / 43467248
Marvin;Baker;Bahnhofstraße;110;44135;München;0159 / 73285057
Lina;Anderson;Bergstraße;19;50667;Frankfurt;0171 / 22413419
Sara;Reyes;Kirchstraße;29;45127;Frankfurt;0160 / 68417956
Julio;Ortega;Gartenstraße;140;41061;Dortmund;01520 / 28805472
Ben;Gruber;Waldstraße;122;20095;Dortmund;01511 / 47565374
Zara;Garcia;Mühlenweg;2;10115;Leipzig;0160 / 39274523
Alejandro;Fathy;Gartenstraße;9;41061;Essen;0171 / 80076294
Tariq;Zimmermann;Gartenstraße;61;40213;Leipzig;01578 / 53000871
Emilia;Klein;Gartenstraße;14;50667;Stuttgart;0160 / 28986606
Emilia;Inoue;Bahnhofstraße;100;40213;Frankfurt;0175 / 72239225
Julio;Smith;Bergstraße;138;50667;Leipzig;0174 / 66313812
Carmen;Ali;Dorfstraße;8;20095;Hamburg;01525 / 38414826
Greta;Vieira;Bahnhofstraße;41;40213;Frankfurt;0173 / 48700402
Hala;Mohammed;Kirchstraße;3;41061;Frankfurt;0171 / 38112068
Sebastian;Matsumoto;Wiesenweg;47;80331;Hamburg;0171 / 50863125
Manuel;Saito;Bergstraße;73;60311;München;0171 / 49201480
Omar;Osman;Bergstraße;19;10115;Stuttgart;01515 / 59946013
Nour;Brown;Waldstraße;144;50667;Stuttgart;01573 / 5589871
Leon;Young;Kirchstraße;84;44135;Essen;0170 / 25880070
Layla;Dias;Dorfstraße;106;45127;Stuttgart;0173 / 72275904
Nadia;Lopez;Wiesenweg;118;44135;München;0170 / 54320837
Nina;Gomez;Kirchstraße;112;40213;Berlin;01525 / 36219703
Luis;Lopez;Hauptstraße;65;50667;München;0170 / 52897349
Faris;Marques;Schulstraße;94;50667;Frankfurt;0172 / 82312647
Clara;Ortiz;Kirchstraße;135;60311;München;0170 / 85069725
Luis;Shin;Dorfstraße;69;60311;Dortmund;0178 / 50086527
Sahar;Montoya;Mühlenweg;40;45127;Leipzig;01515 / 5511767
Elijah;Carvalho;Waldstraße;15;80331;Frankfurt;0175 / 44595123
Yusuf;Hernandez;Mühlenweg;24;45127;München;01573 / 61343809
Bilal;Rivas;Mühlenweg;112;60311;Hamburg;01520 / 45705604
Mateo;Ruiz;Dorfstraße;121;20095;Leipzig;01511 / 74444157
Clara;Smith;Kirchstraße;48;20095;Köln;0173 / 74979564
Marvin;Hernandes;Kirchstraße;100;50667;Essen;01512 / 3788106
Leon;Mendes;Bahnhofstraße;81;60311;Düsseldorf;0160 / 29090043
Alejandro;Blanco;Dorfstraße;50;45127;Leipzig;01520 / 37399667
Amina;Walker;Kirchstraße;9;50667;Stuttgart;01511 / 19803859
Leon;Nelson;Schulstraße;115;44135;Dortmund;0172 / 46582129
Emma;Herrera;Wiesenweg;63;10115;München;0179 / 14045715
Marvin;Ferreira;Waldstraße;150;44135;Hamburg;0174 / 15823589
Rami;Garcia;Dorfstraße;141;80331;Düsseldorf;0162 / 74133525
Paul;Mori;Gartenstraße;10;70173;Essen;0171 / 86813755
Rafael;Duarte;Kirchstraße;99;41061;Hamburg;0174 / 27981836
Alba;Quintero;Bahnhofstraße;42;50667;Leipzig;0162 / 55558883
Fatima;Carvalho;Mühlenweg;87;41061;Leipzig;0162 / 17714794
Andreas;Aziz;Schulstraße;105;60311;Essen;0174 / 10197574
Yusuf;Duarte;Gartenstraße;120;41061;Köln;01575 / 37906785
Hannah;Sanchez;Bergstraße;93;45127;Hamburg;01514 / 66136314
Juan;Medina;Schulstraße;88;40213;Hamburg;01525 / 53747465
Marie;Hernandez;Schulstraße;19;70173;Essen;01575 / 20551073
Rana;Allen;Wiesenweg;135;70173;Dortmund;01505 / 25501182
Marie;Wood;Hauptstraße;134;70173;Essen;0160 / 83298007
Leon;Maeda;Wiesenweg;138;41061;Leipzig;0172 / 42898579
Pablo;Davis;Bahnhofstraße;136;60311;Berlin;0176 / 73545786
Diego;Medina;Kirchstraße;26;50667;Stuttgart;0177 / 69040287
Anna;Moreau;Mühlenweg;149;40213;Hamburg;0173 / 15655929
Peter;Sanchez;Kirchstraße;77;41061;Frankfurt;0172 / 59843663
Ava;Hussein;Schulstraße;23;60311;Berlin;01505 / 24975971
Eva;Singh;Kirchstraße;6;41061;München;0170 / 80816721
Rami;Koch;Gartenstraße;4;40213;Berlin;01512 / 58968478
Liam;Mitchell;Mühlenweg;102;40213;Köln;01578 / 84163451
Rafael;Uchida;Kirchstraße;68;60311;Essen;0174 / 55953463
Peter;Rangel;Gartenstraße;12;45127;Köln;01514 / 64264330
Sami;Campbell;Waldstraße;81;60311;Berlin;01515 / 85865794
Sebastian;Thompson;Gartenstraße;85;40213;München;0173 / 59410038
Marta;Davis;Hauptstraße;22;41061;Stuttgart;0173 / 6846152
Mila;Anwar;Schulstraße;98;44135;Dortmund;0171 / 56813858
Nour;Keller;Mühlenweg;104;20095;Dortmund;0175 / 38786490
Hannah;Uchida;Kirchstraße;122;40213;Stuttgart;01575 / 46383203
Leila;Moreau;Schulstraße;66;41061;Dortmund;01512 / 72947598
Omar;Gad;Wiesenweg;84;80331;Frankfurt;0163 / 17267955
Mila;Medina;Bahnhofstraße;106;10115;Frankfurt;0176 / 5914813
Nadia;Perez;Hauptstraße;62;70173;Leipzig;0171 / 87967274
Rana;Weber;Waldstraße;136;10115;Dortmund;0171 / 45930270
Rafael;Reddy;Bahnhofstraße;86;60311;München;0172 / 29673145
Carmen;Patel;Bahnhofstraße;122;41061;Düsseldorf;01505 / 7408932
Amina;Silva;Mühlenweg;140;10115;Berlin;0177 / 60664912
Jakob;Long;Gartenstraße;11;44135;Köln;01522 / 43435375
Andreas;Santos;Mühlenweg;65;70173;München;01511 / 17959316
Pablo;Mendes;Bahnhofstraße;46;80331;Hamburg;0160 / 48553234
Isabella;Patel;Dorfstraße;3;70173;Dortmund;0171 / 41880454
Faris;Blanco;Kirchstraße;112;70173;Stuttgart;01577 / 55924933
Sami;Hoffman;Dorfstraße;19;40213;Leipzig;0160 / 55002822
Elena;Clark;Gartenstraße;45;45127;Düsseldorf;0178 / 66641946
Elijah;Nelson;Bahnhofstraße;145;45127;München;01511 / 82999343
Juan;Moreau;Bergstraße;97;20095;Stuttgart;0173 / 85196017
Layla;Gutierrez;Hauptstraße;123;41061;Düsseldorf;0170 / 37580808
Max;Scott;Bahnhofstraße;118;45127;Essen;01520 / 67146951
Jamal;Verma;Kirchstraße;66;44135;Düsseldorf;0175 / 80695482
Amina;Maeda;Kirchstraße;106;40213;Köln;01511 / 41491211
Amira;Smith;Mühlenweg;65;20095;Leipzig;0160 / 72837642
Lara;Nakamura;Bahnhofstraße;26;20095;Dortmund;0163 / 25684305
Faris;Navarro;Schulstraße;74;80331;Köln;0179 / 56683655
Sebastian;Dias;Waldstraße;53;80331;Essen;0174 / 63198002
Anna;Honda;Gartenstraße;128;50667;Berlin;0179 / 58005719
Alba;Müller;Gartenstraße;19;10115;Dortmund;0174 / 14036115
Marta;Santos;Schulstraße;145;44135;Berlin;01522 / 40062798
Huda;Gruber;Schulstraße;114;80331;Frankfurt;0176 / 16994866
Nina;Wilson;Bergstraße;148;45127;Hamburg;0178 / 75413157
Emma;Walker;Waldstraße;64;41061;Düsseldorf;01520 / 83125747
Carlos;Allen;Bergstraße;12;41061;Hamburg;0173 / 86111951
Tariq;Garcia;Waldstraße;29;44135;Hamburg;0159 / 88133067
Camila;Osman;Waldstraße;141;45127;Frankfurt;0175 / 70251828
Lucas;Tariq;Bahnhofstraße;49;60311;Hamburg;0176 / 63144371
Alejandro;Rivera;Kirchstraße;67;44135;München;01520 / 56381452
Marvin;Wang;Bahnhofstraße;58;50667;Hamburg;01505 / 61846911
Hassan;Marques;Schulstraße;46;50667;München;0163 / 50190305
Elena;Inoue;Wiesenweg;25;20095;Hamburg;01515 / 39631124
Rana;Marques;Gartenstraße;12;41061;Frankfurt;0160 / 59933427
Hala;Medina;Schulstraße;5;45127;Köln;0179 / 65544927
Martina;Inoue;Hauptstraße;44;10115;Leipzig;0173 / 49191508
Faris;Fischer;Bahnhofstraße;130;60311;Hamburg;01575 / 11545881
Max;Navarro;Hauptstraße;55;40213;Berlin;01512 / 76255074
Lucia;Uchida;Schulstraße;50;40213;Köln;0159 / 56561447
Alejandro;Sanders;Wiesenweg;56;44135;Köln;0159 / 88142452
Khaled;Rivas;Wiesenweg;78;70173;Hamburg;0179 / 86801199
Ana;Roberts;Dorfstraße;30;50667;Köln;01514 / 85161022
Huda;Guerrero;Waldstraße;107;10115;München;0178 / 55792717
Carla;Fischer;Gartenstraße;81;20095;Berlin;01515 / 72155056
Greta;Morales;Kirchstraße;74;60311;Düsseldorf;0170 / 21935747
Jamal;Lewis;Waldstraße;8;41061;Leipzig;01520 / 6698545
Emma;Barbosa;Bahnhofstraße;92;70173;Frankfurt;0177 / 11014202
Pilar;Hernandez;Bahnhofstraße;115;41061;Berlin;01520 / 56801855
Ben;Bhat;Dorfstraße;145;70173;Stuttgart;01520 / 11492883
Mona;Rojas;Bahnhofstraße;48;80331;Dortmund;01577 / 68033905
Nadia;Tariq;Bergstraße;14;41061;Frankfurt;0159 / 67820132
Jonas;Carter;Mühlenweg;137;20095;Köln;01514 / 18766669
Mila;Müller;Gartenstraße;38;80331;Köln;0178 / 43509131
Tim;Richter;Gartenstraße;64;50667;Frankfurt;0177 / 7586222
Leila;Yoshida;Hauptstraße;15;60311;Hamburg;0160 / 28879079
Andreas;Mori;Dorfstraße;18;45127;Stuttgart;0177 / 74518131
Lucia;Nakano;Waldstraße;76;20095;Stuttgart;0176 / 80062985
Emilia;Singh;Waldstraße;125;40213;Köln;01511 / 14245279
Isabella;Lopez;Dorfstraße;29;80331;Essen;0172 / 67456769
Carla;Okada;Schulstraße;94;50667;Essen;0177 / 87068321
Ana;Mohammed;Gartenstraße;85;50667;Frankfurt;01577 / 27929874
Andreas;Koch;Hauptstraße;43;80331;Stuttgart;0171 / 31175703
Khaled;Ishikawa;Hauptstraße;54;44135;Essen;0160 / 23123068
Camila;Scott;Bahnhofstraße;98;80331;Essen;01573 / 10049367
Noah;Habib;Bergstraße;80;70173;Düsseldorf;01505 / 13885429
Layla;Long;Schulstraße;126;80331;Leipzig;0170 / 70394975
Pilar;Guerrero;Waldstraße;9;20095;Essen;0179 / 26458726
Camila;Tanaka;Bergstraße;87;80331;Köln;0177 / 55316848
Emma;Santana;Wiesenweg;74;45127;Leipzig;0177 / 17907841
Omar;Perez;Kirchstraße;106;50667;Leipzig;0162 / 39240575
Franz;Roberts;Waldstraße;69;10115;Dortmund;01577 / 40448576
Elena;Costa;Dorfstraße;95;10115;Hamburg;01525 / 45811098
Olivia;Teixeira;Bahnhofstraße;45;20095;Düsseldorf;0160 / 66467157
Marta;Hall;Gartenstraße;47;44135;Düsseldorf;0163 / 34217650
Anna;Dias;Bergstraße;113;40213;Köln;0175 / 10901932
Lina;Nakano;Bergstraße;88;41061;München;01505 / 19816486
Omar;Richter;Bergstraße;76;41061;Köln;0162 / 13472320
Lucia;Davis;Hauptstraße;91;44135;Frankfurt;0159 / 14087424
Zara;Adams;Waldstraße;36;40213;München;0176 / 59620561
Tim;Medina;Schulstraße;148;20095;Essen;0171 / 19718980
Elena;Fischer;Waldstraße;65;44135;Köln;0173 / 26945818
Camila;Rossi;Bahnhofstraße;44;20095;Berlin;01522 / 62076092
Amina;Vazquez;Mühlenweg;123;60311;Berlin;01575 / 81719383
Amira;Joshi;Bahnhofstraße;17;41061;München;0170 / 24548763
Mona;Rossi;Bergstraße;101;20095;Dortmund;01511 / 86179925
Nina;Richter;Bergstraße;122;41061;Frankfurt;0177 / 73805088
Hannah;Rivas;Kirchstraße;96;80331;Leipzig;0163 / 15585334
Pilar;Jimenez;Gartenstraße;149;80331;Köln;0173 / 37758479
Pablo;Chavez;Kirchstraße;91;45127;Dortmund;01520 / 63675540
Aya;Ezzat;Hauptstraße;115;80331;Frankfurt;01512 / 44546963
Juan;Ito;Bahnhofstraße;62;70173;Berlin;01515 / 68562675
Jose;Watanabe;Bahnhofstraße;51;70173;Dortmund;0178 / 23590101
Jose;Reddy;Waldstraße;107;80331;Hamburg;01505 / 45005087
Sebastian;Hasegawa;Mühlenweg;104;50667;Frankfurt;0175 / 66417861
Andreas;Allen;Bergstraße;36;41061;Hamburg;01505 / 24733312
Mila;Joshi;Kirchstraße;132;20095;München;0177 / 9691307
Carla;Yamaguchi;Schulstraße;68;80331;Berlin;01578 / 80458035
Zara;Cruz;Kirchstraße;51;50667;Berlin;0162 / 26323294
Emilia;Ortega;Gartenstraße;128;50667;Köln;0162 / 47856282
Salma;Rivera;Bahnhofstraße;18;45127;Frankfurt;0176 / 10172409
Angel;Mori;Gartenstraße;8;40213;Dortmund;0176 / 50527470
Khaled;Wilson;Schulstraße;129;60311;Stuttgart;01577 / 5614264
Jose;Nakamura;Hauptstraße;128;44135;Düsseldorf;01512 / 37686110
Clara;Yamamoto;Mühlenweg;69;44135;Leipzig;0178 / 9409775
Valentina;Young;Hauptstraße;40;40213;Berlin;0179 / 65028947
Zara;Paredes;Schulstraße;54;45127;Leipzig;01577 / 7066251
Isabella;Moreau;Wiesenweg;13;45127;Düsseldorf;0175 / 65438520
Sami;Takahashi;Kirchstraße;117;20095;Berlin;0160 / 81298178
Emma;Nakamura;Kirchstraße;69;50667;Hamburg;0159 / 86628082
Isabella;Martinez;Wiesenweg;145;20095;Düsseldorf;01525 / 68408489
Amira;Blanco;Kirchstraße;101;80331;Hamburg;0160 / 80158042
Hala;Mori;Mühlenweg;31;41061;Stuttgart;01577 / 29492383
Sophia;Mitchell;Wiesenweg;75;44135;Köln;01577 / 58699020
Leila;Rivas;Bergstraße;6;41061;Düsseldorf;01577 / 75698595
Yusuf;Sousa;Hauptstraße;72;70173;Dortmund;0175 / 58755445
Leon;Sanchez;Hauptstraße;32;70173;Essen;0177 / 71213096
Sophia;Habib;Bahnhofstraße;109;44135;München;01520 / 86257488
Pilar;Scott;Mühlenweg;106;40213;Düsseldorf;0172 / 39214324
Paul;Abe;Wiesenweg;97;20095;Stuttgart;0172 / 26056393
Amina;Abbas;Wiesenweg;102;20095;München;0175 / 59889855
Jose;Campbell;Hauptstraße;119;45127;Köln;0160 / 22091541
Elijah;Gomez;Wiesenweg;48;44135;Frankfurt;0173 / 16843808
Faris;Hoffman;Kirchstraße;139;41061;Düsseldorf;01573 / 59165609
Paul;Moreau;Dorfstraße;119;41061;Dortmund;01577 / 83088629
Sara;Reddy;Bahnhofstraße;57;41061;Stuttgart;0171 / 33629796
Isabella;Honda;Hauptstraße;98;44135;Berlin;01573 / 56019942
Alba;Fernandes;Schulstraße;22;40213;München;01577 / 42890130
Ahmad;Green;Mühlenweg;4;80331;Dortmund;01514 / 6081177
Jamal;Lopez;Waldstraße;24;10115;Essen;0175 / 7995801
Diego;Hashimoto;Kirchstraße;48;70173;Dortmund;0179 / 71119256
Zain;Rangel;Wiesenweg;142;20095;München;01520 / 68951702
Lucia;Gomez;Wiesenweg;128;20095;Hamburg;0179 / 27044087
Eva;Uchida;Bahnhofstraße;107;50667;Köln;01577 / 45177487
Amina;Bautista;Schulstraße;65;10115;Stuttgart;01520 / 64681836
Franz;Herrera;Mühlenweg;9;20095;Dortmund;01573 / 21819321
Rami;Rossi;Waldstraße;105;44135;Dortmund;01520 / 45804156
Leon;Rodriguez;Dorfstraße;68;41061;Leipzig;01512 / 41123564
Angel;Barbosa;Dorfstraße;52;10115;Düsseldorf;01577 / 59472065
Aya;Castillo;Wiesenweg;77;45127;Dortmund;01515 / 52410290
Nina;Lewis;Dorfstraße;103;10115;Düsseldorf;0177 / 87198172
Bilal;Hashimoto;Wiesenweg;54;40213;Frankfurt;0173 / 68901543
Jonas;Vieira;Mühlenweg;115;44135;Essen;0178 / 23479675
Ibrahim;Ogawa;Dorfstraße;62;40213;Berlin;01570 / 35047602
Yara;Hussein;Schulstraße;65;70173;Leipzig;01505 / 62154908
Liam;Gonzalez;Schulstraße;1;50667;Hamburg;01573 / 46491001
Manuel;Fischer;Schulstraße;35;45127;Dortmund;0173 / 87021269
Juan;Nguyen;Wiesenweg;69;45127;Frankfurt;0171 / 64507615
Marie;Wilson;Bergstraße;48;45127;Frankfurt;0176 / 59942919
Nadia;Murphy;Bergstraße;136;50667;Essen;01570 / 62108852
Luis;Ruiz;Mühlenweg;109;44135;Frankfurt;01505 / 13928117
Lucas;Nakamura;Wiesenweg;107;60311;Frankfurt;01570 / 56284064
Tariq;Honda;Waldstraße;1;50667;Berlin;01511 / 79961498
Lina;Weber;Bergstraße;130;45127;Hamburg;0163 / 61058349
Tim;Long;Wiesenweg;135;41061;Berlin;01512 / 50483851
Hala;Castro;Bahnhofstraße;21;41061;Köln;0177 / 59876788
Mateo;Ortega;Dorfstraße;62;44135;Hamburg;0160 / 5297541
Ava;Hoffman;Mühlenweg;120;41061;Düsseldorf;0172 / 32527889
Olivia;Ezzat;Bergstraße;118;50667;Berlin;01515 / 52377215
Lotte;Koch;Kirchstraße;135;20095;Hamburg;0174 / 42320452
Sophia;Vazquez;Wiesenweg;134;60311;Stuttgart;0177 / 64581716
Leila;Fischer;Wiesenweg;80;40213;Leipzig;0163 / 72302101
Hala;Gonzalez;Dorfstraße;95;40213;Frankfurt;01511 / 24456460
Nadia;Roberts;Wiesenweg;126;10115;Essen;0171 / 62970609
Nadia;Sharma;Hauptstraße;57;10115;Köln;01570 / 28138421
Sebastian;Jung;Waldstraße;54;70173;Leipzig;01520 / 3583137
Hala;White;Mühlenweg;107;60311;Düsseldorf;0170 / 27545733
Nadia;Kobayashi;Kirchstraße;62;50667;München;0160 / 28803517
Mateo;Smith;Mühlenweg;119;10115;Leipzig;0175 / 25383009
Emma;Bautista;Schulstraße;114;80331;Köln;01578 / 19148875
Ben;Flores;Kirchstraße;99;70173;Essen;01505 / 7892127
Diego;Matsumoto;Hauptstraße;126;40213;Leipzig;0170 / 26644827
Hannah;Keller;Bahnhofstraße;47;60311;Düsseldorf;01514 / 37207152
Hannah;Nguyen;Schulstraße;43;40213;Köln;01577 / 20200175
Carmen;Martinez;Kirchstraße;140;41061;Frankfurt;0174 / 67781715
Jonas;Müller;Mühlenweg;54;80331;Düsseldorf;0159 / 16769461
Isabella;Hussein;Bahnhofstraße;19;45127;Stuttgart;0162 / 9976899
Jamal;Mostafa;Dorfstraße;102;60311;Berlin;01515 / 25859759
Rami;Sanchez;Hauptstraße;5;60311;Essen;0173 / 37168758
Zara;Allen;Mühlenweg;105;70173;Leipzig;01575 / 51537463
Elijah;Singh;Hauptstraße;38;70173;Essen;0163 / 77168227
Leon;Zimmermann;Bergstraße;112;20095;Leipzig;01525 / 21576478
Bilal;Mehta;Waldstraße;85;80331;Dortmund;0175 / 9233530
Marta;Lopez;Schulstraße;126;41061;Köln;01570 / 76405133
Jonas;Castillo;Bahnhofstraße;8;70173;Stuttgart;0172 / 33708354
Amina;Carter;Waldstraße;13;45127;Berlin;0179 / 28971868
Sophia;Hoffman;Mühlenweg;150;45127;Stuttgart;0171 / 16860496
Rami;Ogawa;Gartenstraße;48;70173;Köln;01514 / 27373810
Ibrahim;Ferreira;Kirchstraße;69;41061;München;01522 / 5610431
Khaled;Evans;Schulstraße;14;41061;Hamburg;01573 / 12431992
Ali;Klein;Dorfstraße;128;41061;Leipzig;0178 / 50341725
Klaus;Klein;Gartenstraße;52;41061;Dortmund;01514 / 8923161
Rana;Mehta;Hauptstraße;25;10115;Stuttgart;0178 / 63826716
Camila;Garcia;Wiesenweg;122;10115;München;01520 / 35536285
Sahar;Matsumoto;Kirchstraße;43;60311;Frankfurt;0172 / 80012535
Mustafa;Gomez;Bahnhofstraße;135;44135;Frankfurt;0171 / 10085827
Klaus;Ferreira;Hauptstraße;60;70173;Berlin;0174 / 73643363
Heidi;Lopez;Mühlenweg;32;50667;Düsseldorf;01575 / 75327082
Martina;Gad;Bahnhofstraße;115;20095;Essen;0172 / 27350208
Peter;Habib;Mühlenweg;27;60311;Frankfurt;0178 / 25848604
Franz;Martinez;Bahnhofstraße;143;41061;Berlin;01573 / 35130642
Valentina;Ogawa;Kirchstraße;69;40213;Düsseldorf;01577 / 46160778
Salma;Sousa;Hauptstraße;48;60311;Düsseldorf;01514 / 29636515
Mustafa;Navarro;Wiesenweg;43;45127;Dortmund;0163 / 31933677
Hassan;Garcia;Hauptstraße;119;45127;Berlin;01570 / 11885045
Nour;Habib;Schulstraße;134;80331;Düsseldorf;0179 / 20128436
Noah;Martin;Waldstraße;54;41061;Dortmund;01505 / 34625627
Franz;Hall;Kirchstraße;149;45127;Essen;01578 / 33661555
Luis;Ortiz;Mühlenweg;139;80331;Düsseldorf;0163 / 8022166
Lotte;Fernandes;Waldstraße;20;41061;Hamburg;0171 / 51230777
Huda;Castillo;Hauptstraße;31;41061;Stuttgart;0176 / 27203553
Huda;Hernandes;Mühlenweg;144;80331;Berlin;0170 / 55706820
Ben;Hussein;Bahnhofstraße;110;80331;Leipzig;01522 / 23212280
Sami;Honda;Dorfstraße;64;60311;Dortmund;01578 / 71079680
Lara;Santos;Gartenstraße;106;60311;Köln;0176 / 7586339
Lina;Bhat;Bergstraße;15;20095;Berlin;0163 / 31415984
Clara;Robinson;Mühlenweg;101;45127;München;01575 / 86370456
Franz;Shin;Wiesenweg;98;60311;Dortmund;0179 / 51228145
Eva;Young;Bergstraße;60;10115;Frankfurt;01573 / 83956397
Zain;Santos;Mühlenweg;65;40213;Frankfurt;0162 / 77481032
Pilar;Campbell;Dorfstraße;26;45127;München;0172 / 8547647
Manuel;Castillo;Waldstraße;51;70173;München;0178 / 11803714
Omar;Koch;Dorfstraße;132;20095;Düsseldorf;01578 / 77849828
Ahmad;Castro;Waldstraße;10;44135;Essen;01570 / 18356905
Rana;Verma;Wiesenweg;134;50667;München;0176 / 41595438
Yusuf;Ali;Hauptstraße;36;10115;Essen;01505 / 54390729
Alba;Mendes;Dorfstraße;38;41061;Stuttgart;01578 / 71461895
Hassan;Robinson;Gartenstraße;39;20095;Leipzig;0163 / 41694580
Sara;Ali;Schulstraße;97;10115;Leipzig;0170 / 27397521
Elijah;Reyes;Gartenstraße;68;60311;Frankfurt;0163 / 7838528
Sami;Müller;Dorfstraße;7;41061;Frankfurt;0163 / 54904125
Pablo;Quintero;Hauptstraße;146;44135;Frankfurt;0179 / 29164712
Bilal;Fischer;Bahnhofstraße;34;45127;Stuttgart;01573 / 3785561
Carlos;Ortega;Wiesenweg;46;10115;München;0162 / 51463060
Rana;Tariq;Dorfstraße;21;10115;Hamburg;01570 / 10521923
Marie;Santana;Bergstraße;96;44135;Dortmund;01570 / 49537375
Leon;Duarte;Waldstraße;148;50667;München;0162 / 87097744
Omar;Ogawa;Bahnhofstraße;118;50667;Berlin;0160 / 26241736
Lotte;Mendes;Wiesenweg;4;20095;Essen;01511 / 74753241
Tim;Campos;Kirchstraße;149;45127;Dortmund;0177 / 55031771
Omar;Salem;Gartenstraße;111;44135;Frankfurt;01577 / 48840508
Zain;Schneider;Waldstraße;80;20095;Dortmund;0177 / 10435392
Mustafa;Young;Gartenstraße;123;40213;Düsseldorf;01578 / 32612323
Jose;Mitchell;Hauptstraße;5;40213;Hamburg;0160 / 85526098
Dalia;Suzuki;Dorfstraße;15;41061;Leipzig;01577 / 23138828
Mateo;Jimenez;Kirchstraße;38;60311;Dortmund;01512 / 29445849
Bilal;Singh;Mühlenweg;110;40213;Leipzig;0162 / 22264880
Emma;Castillo;Dorfstraße;41;41061;Frankfurt;0176 / 74513740
Pilar;Hall;Dorfstraße;34;10115;Frankfurt;0176 / 74167797
Sahar;Allen;Mühlenweg;37;40213;Düsseldorf;01515 / 43663894
Leila;Ikeda;Kirchstraße;118;41061;Dortmund;01514 / 26782947
Zara;Hidalgo;Mühlenweg;70;50667;Essen;0159 / 73153620
Greta;Uchida;Kirchstraße;31;50667;Dortmund;0172 / 66287565
Mustafa;Lopez;Waldstraße;149;41061;Köln;01525 / 72465344
Faris;Reddy;Gartenstraße;37;50667;Dortmund;0179 / 14673902
Amira;Suzuki;Bergstraße;103;45127;Stuttgart;01575 / 48041998
Carlos;Carvalho;Hauptstraße;121;20095;Stuttgart;0172 / 78376193
Anna;Hall;Waldstraße;6;50667;Stuttgart;01577 / 46357011
Sofia;Blanco;Mühlenweg;97;44135;Berlin;01578 / 16760780
Eva;Fernandes;Wiesenweg;42;10115;Hamburg;0175 / 71980537
Nadia;Taylor;Dorfstraße;37;44135;Leipzig;0177 / 24639203
Sahar;Valdez;Waldstraße;56;45127;Stuttgart;0178 / 52342168
Carlos;Müller;Kirchstraße;8;41061;München;01522 / 25753534
Marie;Jung;Hauptstraße;126;80331;Essen;0177 / 64259362
Clara;Ferreira;Kirchstraße;50;44135;Köln;01522 / 57357295
Ben;Farouk;Mühlenweg;87;20095;Dortmund;01577 / 55649452
Manuel;Gutierrez;Bahnhofstraße;35;45127;Stuttgart;0179 / 42192096
Lucia;Martinez;Schulstraße;33;40213;Düsseldorf;01514 / 58554519
Nina;Yamaguchi;Bahnhofstraße;55;70173;Düsseldorf;01570 / 79010659
Mustafa;Sato;Bergstraße;69;70173;Düsseldorf;01522 / 76678154
Carmen;Yamada;Waldstraße;51;20095;Stuttgart;0174 / 40191547
Greta;Castillo;Wiesenweg;60;20095;Frankfurt;01573 / 28331337
Beatriz;Evans;Kirchstraße;106;40213;Frankfurt;01522 / 62254503
Anna;Bautista;Dorfstraße;21;60311;München;01570 / 10100535
Greta;Lopez;Kirchstraße;55;40213;Essen;01578 / 68924115
Juan;Martinez;Hauptstraße;136;20095;Leipzig;01515 / 41900611
Liam;Guerrero;Wiesenweg;76;60311;Hamburg;01525 / 78429292
Alejandro;Ibrahim;Mühlenweg;61;45127;Hamburg;0179 / 77934684
Liam;Espinoza;Waldstraße;134;50667;Frankfurt;01570 / 80811882
Hannah;Martinez;Gartenstraße;148;20095;Essen;0175 / 82315616
Hannah;Koch;Bahnhofstraße;57;40213;München;01522 / 44241311
Layla;Walker;Kirchstraße;21;80331;München;01578 / 59587695
Jonas;Reyes;Bahnhofstraße;40;41061;Düsseldorf;0177 / 69863222
Greta;Zimmermann;Bergstraße;6;60311;Hamburg;0173 / 48213981
Jose;Yamamoto;Mühlenweg;150;10115;Köln;0173 / 52885634
Anna;Brown;Bergstraße;4;70173;Frankfurt;01522 / 11778295
Franz;Kumar;Kirchstraße;132;70173;Hamburg;01520 / 35233228
Anna;Ali;Gartenstraße;83;40213;Dortmund;0170 / 38800787
Eva;Ruiz;Bergstraße;78;45127;München;0174 / 47234858
Nour;Bhat;Hauptstraße;36;80331;Frankfurt;0172 / 21653300
Nour;Costa;Schulstraße;43;41061;Leipzig;0173 / 23874489
Clara;White;Schulstraße;19;40213;Köln;0172 / 30881398
Yusuf;Hidalgo;Kirchstraße;105;44135;Stuttgart;0170 / 5447599
Tim;Morales;Gartenstraße;120;44135;Dortmund;0171 / 75085954
Leila;Perez;Wiesenweg;25;70173;Stuttgart;01512 / 62551896
Sahar;Alvarez;Bergstraße;83;41061;Dortmund;01522 / 48654459
Martina;Uchida;Mühlenweg;57;80331;Essen;01515 / 17452902
Isabella;Fischer;Wiesenweg;23;70173;Stuttgart;0172 / 74366836
Emma;Torres;Mühlenweg;117;40213;München;0179 / 46019226
Carla;Carter;Gartenstraße;72;80331;Hamburg;0175 / 47078146
Sahar;Reyes;Kirchstraße;117;40213;Köln;01575 / 57243260
Leila;Khan;Kirchstraße;145;41061;Frankfurt;0173 / 61713942
Diego;Rojas;Wiesenweg;31;80331;Hamburg;0160 / 52378106
Amira;Reddy;Bergstraße;89;10115;Leipzig;01512 / 74613266
Rami;Wang;Gartenstraße;125;80331;Stuttgart;0178 / 52751826
Tariq;Shin;Kirchstraße;43;80331;Frankfurt;01525 / 64334688
Bilal;Roberts;Gartenstraße;89;60311;München;0163 / 34014296
Max;Long;Schulstraße;9;80331;Dortmund;01514 / 9091211
Emilia;Medina;Schulstraße;69;10115;Dortmund;01520 / 7098066
Pilar;Fischer;Gartenstraße;73;41061;Stuttgart;01525 / 16644106
Yusuf;Meyer;Kirchstraße;38;40213;München;0175 / 9601648
Marvin;Teixeira;Hauptstraße;83;40213;Berlin;01515 / 21528598
Samir;Herrera;Bergstraße;91;50667;Dortmund;0160 / 81271663
Rami;Mitchell;Hauptstraße;120;45127;Frankfurt;01511 / 51845801
Nour;Uchida;Dorfstraße;50;45127;München;01522 / 28996539
Hassan;Smith;Waldstraße;88;20095;Dortmund;01514 / 11528897
Sara;Johnson;Gartenstraße;63;80331;München;01520 / 43908878
Dalia;Santos;Waldstraße;47;70173;Essen;01512 / 81806337
Martina;Duarte;Bahnhofstraße;134;60311;Stuttgart;01573 / 85618331
Matthias;Robinson;Schulstraße;140;70173;Köln;01505 / 19759079
Nour;Perez;Schulstraße;88;44135;München;0173 / 30936419
Camila;Herrera;Bergstraße;112;70173;Düsseldorf;01515 / 56441222
Elijah;Mendes;Hauptstraße;126;44135;Dortmund;0176 / 65300946
Carlos;Long;Gartenstraße;104;80331;Hamburg;01520 / 46477248
Yusuf;Nelson;Bergstraße;98;10115;Hamburg;01570 / 39339124
Valentina;Ortega;Schulstraße;123;45127;Frankfurt;0177 / 20258406
Mila;Klein;Wiesenweg;140;80331;Leipzig;0179 / 35431733
Martina;Chavez;Hauptstraße;77;80331;Dortmund;01520 / 14516056
Angel;Paredes;Dorfstraße;63;45127;Hamburg;01577 / 16119516
Noah;Mehta;Dorfstraße;131;20095;Dortmund;0172 / 33991891
Zara;Okada;Bergstraße;97;40213;München;01515 / 40065238
Jakob;Inoue;Wiesenweg;11;10115;Essen;01578 / 74148608
Klaus;Evans;Mühlenweg;20;44135;Stuttgart;01570 / 35090567
Max;Vieira;Hauptstraße;94;10115;Düsseldorf;01520 / 44648668
Zain;Inoue;Kirchstraße;38;40213;Hamburg;0173 / 5971658
Eva;Martinez;Bahnhofstraße;56;45127;Berlin;01575 / 70201004
Lina;Moreau;Gartenstraße;144;60311;Leipzig;01511 / 34251153
Anna;Keller;Bahnhofstraße;1;44135;Berlin;0174 / 7609585
Angel;Hashimoto;Wiesenweg;46;50667;Berlin;0172 / 6266069
Liam;Dias;Waldstraße;44;45127;Leipzig;0170 / 79989435
Paul;Reyes;Kirchstraße;140;40213;Hamburg;0174 / 7406265
Marvin;Dias;Kirchstraße;19;40213;München;0177 / 9646553
Leila;Nguyen;Kirchstraße;109;60311;München;0174 / 71180982
Rami;Dias;Bergstraße;108;80331;Berlin;0160 / 70419812
Eva;Verma;Waldstraße;122;40213;Leipzig;0176 / 76491915
Alba;Mitchell;Schulstraße;78;20095;Düsseldorf;01525 / 60318990
Carlos;Fathy;Hauptstraße;82;80331;Berlin;01515 / 42468031
Hans;Santana;Dorfstraße;128;40213;Düsseldorf;0176 / 21901650
Carmen;Verma;Kirchstraße;124;44135;Leipzig;0173 / 60445166
Olivia;Ikeda;Schulstraße;124;70173;Hamburg;0176 / 50521232
Ahmad;Roberts;Gartenstraße;21;45127;München;01514 / 65057929
Julio;Rivera;Hauptstraße;142;45127;Berlin;01515 / 63855940
Andreas;Hashimoto;Hauptstraße;50;60311;Düsseldorf;01511 / 66290647
Hans;Aziz;Bahnhofstraße;57;50667;Essen;0162 / 46674777
Mona;Hayashi;Bergstraße;72;50667;Hamburg;01520 / 66790563
Luis;Osman;Gartenstraße;137;44135;Essen;0173 / 80740506
Amina;Yamada;Bahnhofstraße;87;50667;Essen;01522 / 75033476
Lina;Campbell;Wiesenweg;108;45127;Düsseldorf;01575 / 83463019
Max;Nelson;Hauptstraße;82;60311;Düsseldorf;0176 / 41632384
Matthias;Takahashi;Bahnhofstraße;6;20095;München;0170 / 30511463
Dalia;Roberts;Dorfstraße;13;44135;Hamburg;0175 / 28914124
Jose;Baker;Wiesenweg;91;40213;Berlin;0171 / 64961208
Bilal;Nakamura;Mühlenweg;137;41061;Dortmund;01578 / 67114724
Franz;Garcia;Bergstraße;14;44135;Leipzig;01578 / 36199098
Mila;Torres;Waldstraße;62;80331;Hamburg;01525 / 21077088
Jonas;Hall;Mühlenweg;31;44135;Stuttgart;0178 / 70965767
Amira;Kim;Wiesenweg;80;45127;Dortmund;0172 / 80409101
Tariq;Ali;Bergstraße;106;50667;Essen;0173 / 35219537
Aya;Yoshida;Bergstraße;126;60311;Leipzig;0175 / 45797054
Jamal;Rangel;Dorfstraße;4;50667;München;01570 / 80019971
Lotte;Ortiz;Kirchstraße;26;10115;Leipzig;01570 / 75417247
Alejandro;Espinoza;Bahnhofstraße;108;41061;Frankfurt;01511 / 47429748
Liam;Garcia;Wiesenweg;136;60311;Dortmund;0170 / 38023784
Elena;Müller;Schulstraße;103;40213;Leipzig;0163 / 25925543
Pilar;Flores;Wiesenweg;34;10115;Stuttgart;0172 / 58240300
Mona;Walker;Wiesenweg;55;40213;Essen;01578 / 35864086
Lucas;Lewis;Wiesenweg;101;40213;Frankfurt;01525 / 41222562
Carla;Jung;Hauptstraße;31;20095;Essen;01520 / 13230598
Amina;Miyazaki;Dorfstraße;133;40213;Berlin;0170 / 87154786
Carla;Kapoor;Kirchstraße;113;44135;Köln;0177 / 71921706
Franz;Jimenez;Wiesenweg;83;70173;Frankfurt;0162 / 63616763
Pablo;Ikeda;Kirchstraße;30;45127;Berlin;0170 / 63746626
Sofia;Cruz;Schulstraße;80;80331;Hamburg;0177 / 56377065
Valentina;Rivas;Bergstraße;54;70173;Berlin;01570 / 6022740
Franz;Hidalgo;Gartenstraße;112;20095;Dortmund;01515 / 18376357
Yara;Patel;Mühlenweg;68;10115;Düsseldorf;0174 / 39586910
Jose;Takahashi;Waldstraße;135;41061;Dortmund;0159 / 51161310
Max;Campos;Bergstraße;19;44135;Essen;01515 / 80925366
Juan;Fischer;Bergstraße;85;50667;Leipzig;01512 / 45240086
Ahmad;Silva;Waldstraße;87;40213;Essen;01525 / 27119286
Klaus;Nakamura;Mühlenweg;91;50667;Köln;01577 / 76935801
Greta;Flores;Waldstraße;90;60311;Frankfurt;0179 / 69576193
Nina;Davis;Bahnhofstraße;94;60311;Hamburg;01511 / 80144239
Angel;Honda;Schulstraße;129;60311;Essen;01512 / 74759405
Isabella;Lewis;Mühlenweg;85;40213;Köln;0170 / 51105183
Andreas;Fujimoto;Dorfstraße;36;80331;Dortmund;0170 / 61054316
Emma;Evans;Kirchstraße;72;80331;Düsseldorf;01522 / 45013010
Marie;Watanabe;Gartenstraße;126;10115;Leipzig;01570 / 9208564
Dalia;Hoffman;Gartenstraße;32;60311;Düsseldorf;0159 / 70581970
Jose;Rivera;Bergstraße;145;60311;Düsseldorf;0160 / 44310299
Olivia;Shin;Bergstraße;63;10115;Düsseldorf;01525 / 25928434
Lina;Kapoor;Bergstraße;3;41061;Leipzig;0160 / 30861772
Lotte;Castro;Hauptstraße;85;40213;Düsseldorf;01570 / 8788414
Isabella;Nakamura;Bahnhofstraße;22;41061;Essen;0162 / 56834458
Sami;Hashimoto;Schulstraße;43;80331;Berlin;0176 / 61224832
Max;Zayed;Hauptstraße;150;20095;München;0159 / 74195902
Leon;Campos;Wiesenweg;131;44135;Berlin;0163 / 27464520
Tim;Chavez;Wiesenweg;147;80331;Stuttgart;01575 / 11039132
Max;Perez;Gartenstraße;139;10115;Essen;01512 / 62992530
Nadia;Mohammed;Gartenstraße;91;20095;Berlin;01578 / 10812720
Ben;Ikeda;Hauptstraße;36;60311;Dortmund;01512 / 83516164
Lina;Salem;Gartenstraße;103;80331;Stuttgart;0178 / 6248749
Hala;Quintero;Schulstraße;121;40213;Berlin;0178 / 25143204
Carla;Mori;Gartenstraße;15;70173;Leipzig;01573 / 42096744
Zara;Smith;Hauptstraße;116;44135;Köln;01512 / 63665982
Angel;Brown;Waldstraße;44;20095;Düsseldorf;0162 / 54994925
Pablo;Sharma;Kirchstraße;56;40213;Essen;01525 / 48370310
Fatima;Perez;Bahnhofstraße;83;10115;Stuttgart;0162 / 14392308
Zara;Morales;Bahnhofstraße;127;80331;Stuttgart;0159 / 85673972
Sahar;Young;Wiesenweg;67;40213;Dortmund;0160 / 8358844
Marvin;Lewis;Hauptstraße;14;60311;Stuttgart;0160 / 25586356
Liam;Murphy;Gartenstraße;15;80331;Frankfurt;01511 / 43528732
Huda;Maeda;Gartenstraße;22;80331;Stuttgart;0162 / 21625107
Amina;White;Dorfstraße;31;10115;Stuttgart;01512 / 68059387
Dalia;Meyer;Wiesenweg;45;10115;Leipzig;01575 / 30822700
Carla;Adams;Waldstraße;8;20095;Frankfurt;0171 / 38587079
Luis;Mehta;Wiesenweg;30;70173;Stuttgart;01573 / 56939972
Andreas;Ortega;Gartenstraße;124;20095;Leipzig;0174 / 57021625
Marvin;Alvarez;Wiesenweg;40;50667;Dortmund;0173 / 57105471
Hassan;Kim;Gartenstraße;68;40213;Dortmund;01514 / 18138179
Emma;Hayashi;Mühlenweg;144;50667;Dortmund;01511 / 74500435
Carlos;Hassan;Bergstraße;120;60311;Stuttgart;01525 / 52487024
Olivia;Brown;Wiesenweg;36;20095;Berlin;0177 / 88838844
Valentina;Sato;Bahnhofstraße;50;45127;Dortmund;01578 / 26237446
Ibrahim;Robinson;Dorfstraße;89;20095;Düsseldorf;0171 / 22236699
Jamal;Wang;Dorfstraße;29;45127;München;01514 / 13732065
Jakob;Okada;Gartenstraße;146;80331;München;0178 / 3609590
Amina;Ali;Kirchstraße;52;20095;Dortmund;0159 / 54540388
Jonas;Kim;Gartenstraße;26;70173;München;01570 / 27232525
Carlos;Weber;Dorfstraße;141;10115;Hamburg;01577 / 63219436
Sahar;Gutierrez;Kirchstraße;71;50667;Köln;01511 / 37245994
Faris;Hassan;Hauptstraße;45;41061;Berlin;01570 / 54598184
Layla;Richter;Wiesenweg;30;80331;München;01575 / 48098685
Juan;Yoshida;Dorfstraße;80;10115;Berlin;0163 / 79978325
Heidi;Fischer;Wiesenweg;120;80331;Köln;0179 / 14219828
Jakob;Hasegawa;Waldstraße;17;45127;Köln;0175 / 27306082
Amina;Mostafa;Bergstraße;41;40213;Frankfurt;01520 / 15602757
Julio;Reddy;Dorfstraße;9;80331;Düsseldorf;01575 / 21234279
Salma;Ali;Kirchstraße;110;45127;Frankfurt;0163 / 74272653
Carmen;Murphy;Hauptstraße;110;50667;Frankfurt;01522 / 83123208
Anna;Rivera;Hauptstraße;78;40213;Berlin;0178 / 61293369
Carmen;Fischer;Gartenstraße;80;60311;Leipzig;0173 / 58432359
Max;Kapoor;Waldstraße;15;45127;Essen;0170 / 82128745
Ahmad;Campos;Kirchstraße;77;20095;Düsseldorf;01505 / 8724474
Sofia;Rodriguez;Waldstraße;109;20095;München;0177 / 78656036
Martina;Hoffman;Schulstraße;23;20095;Düsseldorf;0178 / 62817368
Ravi;Murphy;Waldstraße;34;80331;Berlin;01511 / 59268739
Paul;Richter;Waldstraße;78;44135;Essen;01514 / 35765236
Peter;Costa;Wiesenweg;150;45127;Dortmund;01515 / 6186267
Amira;Patel;Gartenstraße;43;50667;Leipzig;0179 / 51280207
Pablo;Costa;Bahnhofstraße;45;80331;Frankfurt;0160 / 32214587
Matthias;Garcia;Gartenstraße;135;44135;Leipzig;0171 / 14966205
Faris;Zimmermann;Hauptstraße;52;20095;Düsseldorf;0175 / 37947167
Amira;Reyes;Kirchstraße;36;60311;Frankfurt;01514 / 70825692
Ben;Anwar;Dorfstraße;66;20095;Dortmund;01575 / 46362353
Bilal;Ishikawa;Schulstraße;19;10115;Berlin;01520 / 59720166
Marta;Meyer;Gartenstraße;67;50667;Düsseldorf;0171 / 28359317
Sahar;Tanaka;Mühlenweg;149;80331;Leipzig;01515 / 72979220
Elena;Graham;Dorfstraße;76;20095;Frankfurt;0177 / 27846924
Sebastian;Graham;Wiesenweg;118;70173;Essen;01575 / 73568546
Elena;Cruz;Waldstraße;123;41061;Dortmund;01578 / 50225045
Hans;Müller;Bahnhofstraße;141;41061;Essen;0177 / 69125704
Ahmad;Smith;Waldstraße;56;20095;Köln;0162 / 47659933
Lina;Castillo;Schulstraße;15;70173;Köln;01505 / 64969416
Jonas;Lopez;Mühlenweg;24;10115;Berlin;0174 / 29738014
Sophia;Guerrero;Kirchstraße;140;20095;Dortmund;01577 / 20233361
Sofia;Santana;Bahnhofstraße;93;80331;München;01520 / 70343252
Mustafa;Fernandes;Schulstraße;16;41061;Dortmund;0174 / 33899239
Paul;Sanchez;Gartenstraße;31;41061;Hamburg;0177 / 26354197
Elena;Aziz;Bahnhofstraße;107;45127;Dortmund;0174 / 37522921
Bilal;Okada;Wiesenweg;105;70173;Berlin;01575 / 44992752
Sophia;Robinson;Bergstraße;101;10115;Essen;0175 / 34255951
Franz;Ortiz;Wiesenweg;50;80331;München;01522 / 32478647
Jakob;Ogawa;Bahnhofstraße;42;20095;Stuttgart;0172 / 14277636
Anna;Fernandes;Kirchstraße;18;50667;Dortmund;01570 / 16537692
Carla;Gonzalez;Kirchstraße;61;60311;Berlin;01520 / 52141959
Yara;Okada;Bahnhofstraße;79;41061;Leipzig;01505 / 38644535
Hans;Torres;Mühlenweg;42;70173;Stuttgart;0163 / 38611165
Angel;Scott;Waldstraße;144;60311;Köln;0176 / 55247136
Huda;Aziz;Schulstraße;44;80331;Dortmund;01522 / 13600221
Amina;Baumann;Wiesenweg;113;80331;Stuttgart;01522 / 66189775
Ava;Honda;Waldstraße;17;41061;Hamburg;01515 / 85898042
Klaus;Richter;Bergstraße;107;70173;Hamburg;01512 / 30274107
Yusuf;Garcia;Bergstraße;82;44135;Stuttgart;0177 / 50141820
Dalia;Hashimoto;Wiesenweg;43;80331;Dortmund;01578 / 45714749
Matthias;Kelly;Schulstraße;58;20095;Stuttgart;0171 / 15007224
Amina;Cruz;Bahnhofstraße;116;40213;Frankfurt;01514 / 29498351
Martina;Robinson;Schulstraße;83;60311;Essen;0173 / 17412229
Hala;Martin;Kirchstraße;119;41061;Dortmund;0163 / 6626926
Jakob;Castillo;Dorfstraße;63;41061;Stuttgart;0162 / 36849985
Layla;Adams;Kirchstraße;74;60311;Leipzig;01511 / 78956258
Sebastian;Ishikawa;Wiesenweg;20;60311;Stuttgart;0173 / 46064338
Lucas;Garcia;Dorfstraße;50;10115;Essen;0172 / 60540574
Jamal;Hall;Kirchstraße;126;70173;Düsseldorf;0170 / 66721856
Sahar;Ogawa;Bahnhofstraße;104;50667;Stuttgart;01512 / 36132741
Julio;Davis;Schulstraße;49;80331;Frankfurt;01578 / 14997263
Layla;Zayed;Wiesenweg;51;44135;Berlin;01515 / 15987738
Nadia;Gomez;Bahnhofstraße;60;70173;Köln;0172 / 68523718
Nadia;Gruber;Mühlenweg;19;60311;Köln;0171 / 48905543
Amina;Alvarez;Schulstraße;20;41061;Leipzig;0177 / 25196997
Isabella;Ali;Waldstraße;58;40213;Essen;01511 / 52573148
Carlos;Schneider;Hauptstraße;62;44135;Hamburg;0172 / 12883349
Paul;Ortega;Wiesenweg;12;70173;Berlin;01511 / 55738645
Aya;Bhat;Hauptstraße;130;70173;Leipzig;01522 / 4813904
Rami;Keller;Wiesenweg;50;50667;Hamburg;0178 / 59433892
Zain;Abbas;Mühlenweg;79;41061;Hamburg;0159 / 10746164
Marie;Morales;Bergstraße;86;70173;Dortmund;01575 / 65443614
Omar;Murphy;Wiesenweg;31;70173;Berlin;0162 / 69940518
Sara;Ezzat;Schulstraße;94;20095;München;01511 / 38315138
Ahmad;Valdez;Schulstraße;88;80331;Köln;01520 / 17895214
Ahmad;Khalil;Bergstraße;138;80331;Essen;0173 / 38800236
Ana;Taylor;Bergstraße;143;60311;Dortmund;01511 / 83911589
Jonas;Adams;Schulstraße;127;60311;Essen;0172 / 5899885
Isabella;Barbosa;Gartenstraße;124;45127;Hamburg;0174 / 49679037
Aya;Guerrero;Bahnhofstraße;133;40213;München;0172 / 54272866
Alba;Fischer;Gartenstraße;90;10115;Essen;01520 / 6388978
Jakob;Garcia;Mühlenweg;52;45127;Essen;01520 / 31129694
Olivia;Reddy;Dorfstraße;62;10115;Stuttgart;0173 / 59570897
Max;Saito;Dorfstraße;61;60311;Köln;01520 / 6295101
Emma;Campbell;Dorfstraße;66;60311;Stuttgart;01514 / 88357393
Alejandro;Patel;Waldstraße;97;60311;Frankfurt;0177 / 57155032
Ana;Shin;Bahnhofstraße;7;40213;Frankfurt;0176 / 76013427
Valentina;Mendes;Schulstraße;78;60311;Düsseldorf;01505 / 84490823
Yara;Wang;Mühlenweg;25;20095;Berlin;0162 / 59475989
Emma;Perez;Dorfstraße;118;40213;Köln;01520 / 79795569
Pablo;Fathy;Waldstraße;30;41061;Dortmund;01573 / 17397995
Ahmad;Salem;Hauptstraße;140;80331;Frankfurt;01514 / 65047899
Lara;Honda;Bahnhofstraße;150;70173;Frankfurt;0159 / 19867456
Amira;Khan;Bahnhofstraße;97;80331;Frankfurt;01511 / 12747772
Lotte;Rodriguez;Kirchstraße;91;80331;Dortmund;0171 / 57347044
Ava;Lopez;Wiesenweg;47;10115;Frankfurt;01515 / 74252160
Sahar;Singh;Hauptstraße;11;45127;Hamburg;0171 / 56935680
Rami;Hall;Mühlenweg;51;20095;Hamburg;0178 / 27180060
Manuel;Alvarez;Kirchstraße;35;60311;Leipzig;0179 / 23975901
Leila;Abe;Kirchstraße;123;60311;Düsseldorf;0173 / 61023380
Tariq;Silva;Kirchstraße;146;41061;München;0174 / 10158467
Alejandro;Ramos;Gartenstraße;5;20095;Stuttgart;0171 / 11722049
Jakob;Gad;Schulstraße;81;44135;Berlin;0177 / 41328186
Martina;Jung;Mühlenweg;90;44135;Düsseldorf;0159 / 22120522
Rafael;Santos;Bergstraße;83;80331;Hamburg;0170 / 81487226
Anna;Graham;Kirchstraße;97;20095;Stuttgart;0177 / 43855502
Bilal;Bhat;Hauptstraße;65;45127;Leipzig;01512 / 85114922
Nour;Ortega;Bahnhofstraße;99;80331;Hamburg;01578 / 57422006
Carmen;Carter;Bergstraße;4;44135;München;01511 / 11899018
Marta;Fujita;Mühlenweg;68;44135;München;0176 / 31706081
Marta;Mendes;Bahnhofstraße;121;70173;Stuttgart;0171 / 79703486
Olivia;Mori;Dorfstraße;33;50667;Leipzig;0178 / 23689404
Diego;Wilson;Gartenstraße;99;45127;Düsseldorf;0160 / 53792858
Matthias;Bautista;Hauptstraße;72;70173;Dortmund;01514 / 17907128
Salma;Ishikawa;Gartenstraße;143;70173;Stuttgart;0179 / 52020045
Dalia;Sato;Gartenstraße;50;10115;Essen;0176 / 14687164
Alejandro;Yoshida;Dorfstraße;101;70173;Stuttgart;0178 / 49514482
Bilal;Marques;Schulstraße;40;44135;Stuttgart;0174 / 8986848
Yara;Yamaguchi;Bahnhofstraße;73;80331;Leipzig;01511 / 79202567
Emilia;Ikeda;Mühlenweg;42;45127;Frankfurt;0173 / 88598506
Sophia;Müller;Hauptstraße;70;41061;Essen;01522 / 21547344
Angel;Takahashi;Mühlenweg;72;40213;Hamburg;01514 / 22582886
Alejandro;Garcia;Schulstraße;97;50667;Berlin;01577 / 62546979
Hassan;Weber;Kirchstraße;28;45127;München;0159 / 81671763
Leon;Ito;Dorfstraße;46;44135;Hamburg;01522 / 62497149
Hans;Roberts;Gartenstraße;19;44135;München;01573 / 84919109
Carla;Alvarez;Bergstraße;47;40213;München;01570 / 12983767
Rami;Richter;Dorfstraße;39;10115;Dortmund;0174 / 17380077
Ahmad;Fischer;Wiesenweg;141;40213;Berlin;0171 / 28523161
Lucas;Campos;Waldstraße;52;40213;Essen;0159 / 82661045
Mona;Honda;Gartenstraße;93;80331;Dortmund;01578 / 33193980
Klaus;Sanders;Bahnhofstraße;9;41061;Frankfurt;0177 / 36704826
Manuel;Ibrahim;Bahnhofstraße;27;20095;Essen;0178 / 20186748
Sophia;Sharma;Schulstraße;42;70173;Düsseldorf;01515 / 27363416
Rafael;Campbell;Wiesenweg;67;40213;München;01577 / 52941384
Clara;Lewis;Bahnhofstraße;43;60311;Leipzig;01511 / 32423642
Sara;Khalil;Kirchstraße;23;10115;Dortmund;0163 / 21950210
Isabella;Davis;Wiesenweg;17;70173;Essen;0173 / 57674668
Max;Inoue;Gartenstraße;67;10115;Stuttgart;0175 / 26539359
Alejandro;Ito;Schulstraße;136;44135;Hamburg;01578 / 78601455
Carmen;Vargas;Hauptstraße;52;50667;Frankfurt;0178 / 48360489
Luis;Blanco;Bergstraße;99;20095;Essen;0170 / 51860051
Liam;Saito;Hauptstraße;15;45127;Köln;0162 / 35143206
Jamal;Bautista;Waldstraße;51;80331;Essen;0174 / 24989236
Rafael;Schmidt;Bergstraße;88;40213;Stuttgart;0170 / 72800496
Noah;Hashimoto;Dorfstraße;90;44135;Frankfurt;0172 / 62288481
Mateo;Gonzalez;Dorfstraße;143;41061;Frankfurt;0175 / 83601415
Rana;Rivera;Gartenstraße;149;44135;Hamburg;01525 / 15127404
Martina;Koch;Mühlenweg;28;70173;Leipzig;0159 / 32715902
Pablo;Weber;Waldstraße;21;10115;Stuttgart;01570 / 8122045
Lina;Gonzalez;Hauptstraße;88;80331;Düsseldorf;01520 / 9568982
Franz;Torres;Bergstraße;75;40213;Hamburg;0159 / 38467045
Hannah;Bhat;Mühlenweg;124;80331;Frankfurt;01573 / 69653262
Elijah;Fischer;Gartenstraße;83;20095;Berlin;01520 / 31846137
Angel;Meyer;Hauptstraße;4;40213;Berlin;0160 / 24106856
Sami;Ishikawa;Bahnhofstraße;112;44135;Berlin;0175 / 9187897
Yara;Brown;Kirchstraße;144;41061;München;01573 / 36572028
Diego;Schneider;Waldstraße;87;50667;Hamburg;0163 / 81593087
Isabella;Wang;Bergstraße;29;80331;Frankfurt;0179 / 38615197
Heidi;Wang;Dorfstraße;42;60311;Dortmund;0173 / 6162071
Emilia;Ramos;Wiesenweg;141;70173;Frankfurt;01525 / 69497792
Luis;Zimmermann;Kirchstraße;10;70173;Düsseldorf;01515 / 33640201
Zara;White;Mühlenweg;15;70173;Düsseldorf;0159 / 22100276
Rafael;Shin;Mühlenweg;142;50667;Leipzig;01575 / 54290748
Noah;Long;Wiesenweg;112;44135;München;01522 / 13619726
Luis;Vieira;Hauptstraße;136;70173;Berlin;01512 / 48170905
Sara;Hassan;Kirchstraße;97;41061;Hamburg;01525 / 36795670
Hannah;Morales;Dorfstraße;74;60311;Stuttgart;01577 / 40592946
Zara;Rivas;Waldstraße;17;60311;Hamburg;01520 / 16415581
Eva;Dias;Wiesenweg;139;10115;Stuttgart;0163 / 13923902
Elijah;Martinez;Bahnhofstraße;136;44135;München;01575 / 15853829
Emma;Weber;Bahnhofstraße;8;10115;Leipzig;01578 / 61343595
Camila;Khalil;Wiesenweg;129;80331;Essen;0176 / 52997717
Manuel;Vieira;Bahnhofstraße;147;44135;Frankfurt;0162 / 63783161
Olivia;Hidalgo;Wiesenweg;129;50667;München;0176 / 4447569
Ahmad;Alvarez;Waldstraße;42;10115;Berlin;0173 / 68103311
Lina;Sanders;Mühlenweg;53;20095;Berlin;01511 / 12843510
Mona;Mendes;Hauptstraße;77;41061;Essen;0179 / 56199853
Carmen;Almeida;Schulstraße;129;40213;München;0178 / 75573164
Martina;Lopez;Wiesenweg;132;70173;Leipzig;01578 / 78037161
Marta;Zimmermann;Bahnhofstraße;85;45127;Leipzig;01522 / 61136645
Elena;Ito;Mühlenweg;105;50667;München;0163 / 43066829
Ben;Saito;Gartenstraße;80;20095;München;0162 / 71850905
Jonas;Singh;Waldstraße;22;41061;Berlin;01511 / 67782608
Tariq;Hidalgo;Hauptstraße;67;45127;Essen;0160 / 11400462
Sara;Cole;Kirchstraße;89;80331;Dortmund;0178 / 38044703
Rafael;Ortega;Waldstraße;80;44135;Frankfurt;0178 / 13675970
Paul;Hassan;Gartenstraße;96;10115;Hamburg;0170 / 34590022
Zara;Rivera;Kirchstraße;65;45127;Stuttgart;01575 / 58214388
Noah;Richter;Hauptstraße;112;40213;München;0175 / 18778111
Mateo;Yamaguchi;Bergstraße;128;20095;Leipzig;0178 / 60466498
Matthias;Ogawa;Bahnhofstraße;146;20095;Berlin;0171 / 24035404
Bilal;Hall;Waldstraße;66;60311;Köln;01525 / 56122339
Emilia;Suzuki;Dorfstraße;63;40213;Berlin;0159 / 39989216
Ravi;Smith;Mühlenweg;115;70173;Hamburg;0159 / 83606596
Marvin;Takahashi;Schulstraße;21;41061;Berlin;01573 / 20950727
Elijah;Davis;Bahnhofstraße;113;10115;Berlin;01575 / 39761770
Dalia;Yamamoto;Schulstraße;80;45127;Essen;0170 / 42453355
Tariq;Castillo;Hauptstraße;96;20095;Stuttgart;0178 / 24264989
Alejandro;Carter;Kirchstraße;65;10115;Essen;01575 / 26667437
Olivia;Bautista;Bahnhofstraße;117;50667;Berlin;01512 / 23392201
Hans;Sato;Hauptstraße;2;70173;Dortmund;01522 / 39843811
Anna;Duarte;Schulstraße;50;44135;Düsseldorf;01525 / 36549087
Ben;Ortega;Bergstraße;86;70173;Stuttgart;01515 / 67990531
Nina;Nasser;Wiesenweg;79;50667;Leipzig;01512 / 71834966
Ana;Yoshida;Waldstraße;55;45127;Essen;0173 / 29364725
Emilia;Mehta;Waldstraße;75;70173;Stuttgart;0175 / 53274092
Andreas;Wood;Gartenstraße;22;10115;Hamburg;01573 / 22119998
Ben;Nasser;Mühlenweg;147;41061;Frankfurt;0162 / 39315357
Diego;Zimmermann;Bahnhofstraße;52;41061;Frankfurt;0162 / 30259249
Alba;Paredes;Mühlenweg;81;70173;Düsseldorf;01505 / 50672968
Juan;Thompson;Gartenstraße;19;50667;Dortmund;01573 / 24970251
Leon;Clark;Bahnhofstraße;98;41061;Essen;01505 / 48750216
Alba;Schneider;Gartenstraße;55;10115;München;01514 / 32303142
Paul;Fathy;Gartenstraße;61;45127;Leipzig;0175 / 36882405
Marie;Valdez;Waldstraße;23;60311;Düsseldorf;0170 / 36176107
Mustafa;Suzuki;Kirchstraße;3;80331;Dortmund;01522 / 41642223
Yusuf;Salem;Bahnhofstraße;28;50667;Stuttgart;0176 / 36160373
Franz;Farouk;Bahnhofstraße;114;44135;Köln;0170 / 76890658
Rami;Allen;Wiesenweg;132;20095;München;0171 / 30574868
Matthias;Abe;Wiesenweg;53;80331;München;0177 / 49309471
Elena;Dias;Mühlenweg;52;10115;Stuttgart;01525 / 39883670
Carlos;Farouk;Schulstraße;57;80331;Hamburg;0173 / 16717060
Ravi;Medina;Bergstraße;22;44135;München;0176 / 86023670
Hans;Kelly;Schulstraße;39;40213;Frankfurt;01522 / 10160216
Angel;Garcia;Kirchstraße;25;50667;Dortmund;01515 / 20708698
Aya;Bautista;Gartenstraße;17;70173;Frankfurt;0172 / 61480025
Carlos;Kumar;Dorfstraße;132;40213;Frankfurt;0174 / 19309589
Hannah;Graham;Mühlenweg;56;80331;Hamburg;01505 / 77012455
Sahar;Graham;Mühlenweg;140;40213;München;01520 / 35430235
Noah;Herrera;Mühlenweg;147;10115;Frankfurt;01570 / 30685440
Jose;Long;Bahnhofstraße;83;45127;Hamburg;0175 / 38129939
Olivia;Carter;Bahnhofstraße;115;44135;Hamburg;01570 / 42888936
Yusuf;Castro;Schulstraße;149;50667;Hamburg;01577 / 69477932
Ahmad;Ishikawa;Waldstraße;122;70173;Stuttgart;0171 / 69567331
Rafael;Ikeda;Schulstraße;136;10115;Leipzig;01515 / 40353853
Marta;Gad;Mühlenweg;63;20095;Düsseldorf;0177 / 37628987
Clara;Hasegawa;Bergstraße;2;70173;Düsseldorf;01525 / 36069818
Franz;Thompson;Schulstraße;123;20095;München;01575 / 52162032
Omar;Mehta;Hauptstraße;28;60311;Frankfurt;0163 / 42886486
Sophia;Schmidt;Wiesenweg;15;41061;Frankfurt;01511 / 33201144
Lara;Morales;Gartenstraße;59;44135;Berlin;01515 / 9794643
Ravi;Hernandes;Mühlenweg;100;41061;Dortmund;0178 / 75463669
Jakob;Nelson;Hauptstraße;125;44135;München;01511 / 42070569
Elena;Vazquez;Dorfstraße;22;50667;Frankfurt;0173 / 66921869
Emma;Martinez;Wiesenweg;53;80331;Leipzig;0176 / 49676847
Elijah;Ibrahim;Schulstraße;97;45127;München;0175 / 82139090
Amira;Young;Hauptstraße;105;45127;Essen;01578 / 15201441
Julio;Young;Waldstraße;135;60311;München;01511 / 17170991
Eva;Khalil;Mühlenweg;102;45127;Dortmund;0162 / 28993781
Samir;Sousa;Gartenstraße;20;50667;Leipzig;0177 / 28711176
Sara;Hussein;Bergstraße;9;50667;Stuttgart;01511 / 78329717
Pilar;Campos;Kirchstraße;39;60311;Berlin;01511 / 8335705
Andreas;Rivera;Schulstraße;95;40213;Berlin;01577 / 34639365
Zara;Kobayashi;Hauptstraße;1;45127;Essen;0171 / 55485443
Sahar;Sousa;Bahnhofstraße;29;45127;München;01515 / 21845792
Faris;Ishikawa;Waldstraße;48;80331;Köln;0171 / 54768100
Hans;Reddy;Schulstraße;49;70173;Dortmund;01520 / 75666578
Juan;Fujita;Bergstraße;123;44135;Dortmund;01515 / 36433159
Emma;Abbas;Schulstraße;149;50667;Berlin;01522 / 48107132
Mateo;Singh;Dorfstraße;90;40213;Düsseldorf;01505 / 69588644
Ibrahim;Duarte;Mühlenweg;87;50667;Essen;0160 / 71090560
Rafael;Hidalgo;Schulstraße;86;20095;Leipzig;01578 / 46429929
Lina;Johnson;Waldstraße;77;60311;Hamburg;01577 / 22294086
Valentina;Sousa;Bergstraße;38;45127;Berlin;01577 / 86424920
Paul;Yamamoto;Dorfstraße;36;20095;Köln;0176 / 58945373
Angel;Santos;Hauptstraße;71;41061;Frankfurt;01575 / 19080941
Rafael;Rossi;Kirchstraße;126;50667;Köln;0177 / 51978173
Salma;Mehta;Dorfstraße;83;20095;Stuttgart;0170 / 5803889
Hala;Perez;Hauptstraße;145;10115;Stuttgart;01505 / 49313366
Pablo;Schneider;Hauptstraße;147;40213;Stuttgart;0177 / 88601329
Lara;Joshi;Bahnhofstraße;106;60311;München;01522 / 72671540
Khaled;White;Mühlenweg;16;44135;Düsseldorf;0177 / 83149805
Martina;Nguyen;Schulstraße;110;41061;Hamburg;01512 / 37658482
Liam;Almeida;Mühlenweg;114;60311;München;0162 / 8026031
Matthias;Carvalho;Waldstraße;122;20095;Stuttgart;01511 / 40458427
Lina;Torres;Gartenstraße;131;60311;Düsseldorf;01522 / 5255679
Jose;Campos;Waldstraße;73;80331;Essen;01505 / 21322084
Lucia;Weber;Hauptstraße;126;41061;München;0176 / 6619262
Ben;Santana;Wiesenweg;149;41061;Dortmund;0162 / 80746170
Andreas;Müller;Hauptstraße;46;20095;Frankfurt;0173 / 85009236
Carlos;Brown;Bergstraße;4;50667;Dortmund;0173 / 78789082
Ibrahim;Uchida;Waldstraße;125;80331;Berlin;01511 / 58610840
Khaled;Garcia;Hauptstraße;147;20095;München;01575 / 19805394
Carlos;Yamamoto;Mühlenweg;129;10115;Frankfurt;01573 / 31385366
Yusuf;Cruz;Dorfstraße;18;60311;Düsseldorf;01573 / 10644804
Jakob;Morales;Hauptstraße;60;10115;Leipzig;01578 / 9729616
Hala;Santos;Bergstraße;115;80331;Hamburg;0171 / 66926578
Carlos;Vargas;Bergstraße;12;60311;München;01515 / 3708400
Lotte;Mohammed;Waldstraße;95;44135;Köln;01512 / 39547195
Heidi;Robinson;Gartenstraße;30;10115;Essen;01522 / 62188730
Rafael;Watanabe;Waldstraße;8;70173;Stuttgart;01505 / 84535912
Carla;Ortiz;Dorfstraße;15;20095;München;0171 / 28110159
Aya;Singh;Bergstraße;84;20095;Düsseldorf;0175 / 8372381
Yara;Schmidt;Mühlenweg;72;70173;Berlin;01520 / 82900209
Marvin;Hussein;Hauptstraße;86;45127;Essen;01520 / 25905579
Franz;Watanabe;Kirchstraße;32;45127;Leipzig;01520 / 11736343
Omar;Costa;Wiesenweg;109;80331;Frankfurt;0178 / 4403158
Heidi;Mostafa;Mühlenweg;94;44135;Leipzig;01573 / 73395586
Nadia;Green;Schulstraße;33;20095;Hamburg;01573 / 19487879
Ibrahim;Dias;Gartenstraße;44;41061;Köln;01515 / 88488244
Zain;Almeida;Bahnhofstraße;126;20095;Essen;0176 / 75350881
Ravi;Schmidt;Dorfstraße;103;60311;München;01522 / 23411325
Jamal;Guerrero;Schulstraße;75;50667;Frankfurt;0178 / 34885426
Huda;Fischer;Dorfstraße;102;44135;Dortmund;01573 / 60077402
Carlos;Anwar;Gartenstraße;12;45127;Essen;01514 / 17272420
Khaled;Vieira;Mühlenweg;103;10115;Berlin;0177 / 33490985
Martina;Carter;Dorfstraße;149;10115;Hamburg;01578 / 54104076
Carla;Valdez;Bergstraße;17;40213;Düsseldorf;01575 / 26441550
Noah;Clark;Kirchstraße;41;50667;Essen;01578 / 88849562
Mona;Santos;Mühlenweg;145;60311;Hamburg;01505 / 9175405
Dalia;King;Hauptstraße;146;41061;Dortmund;01512 / 82671316
Franz;Kim;Dorfstraße;108;20095;Leipzig;0171 / 80495912
Mila;Nakano;Bergstraße;88;45127;Essen;01525 / 21020896
Heidi;Abe;Waldstraße;38;60311;Essen;01520 / 22968031
Sofia;Carter;Wiesenweg;35;70173;Frankfurt;0172 / 3525300
Elena;Evans;Mühlenweg;4;20095;Stuttgart;01520 / 13546207
Manuel;Hayashi;Hauptstraße;30;20095;Essen;0170 / 53381747
Luis;Bautista;Schulstraße;9;20095;Stuttgart;0179 / 60661408
Sebastian;Carter;Kirchstraße;90;44135;Köln;0160 / 68318863
Marvin;Khalil;Gartenstraße;20;80331;Essen;01505 / 35925887
Liam;Hernandes;Bergstraße;38;40213;Berlin;0172 / 47103594
Hannah;Medina;Dorfstraße;91;40213;Berlin;01570 / 82712469
Liam;Pereira;Bahnhofstraße;59;44135;Leipzig;01511 / 33903227
Noah;Martinez;Mühlenweg;140;20095;Frankfurt;0171 / 50398866
Marta;Vargas;Waldstraße;13;80331;Köln;01577 / 61678935
Camila;Graham;Bahnhofstraße;59;40213;Hamburg;0170 / 81727820
Ali;Thompson;Wiesenweg;105;70173;Essen;0170 / 71689736
Lina;Takahashi;Bergstraße;122;50667;München;01520 / 10201253
Sophia;Anwar;Gartenstraße;26;44135;Dortmund;0174 / 40993132
Fatima;Miyazaki;Bergstraße;120;40213;Düsseldorf;01522 / 63953211
Salma;Blanco;Mühlenweg;125;50667;München;01578 / 73990078
Zara;Schneider;Hauptstraße;19;44135;Düsseldorf;01575 / 80039420
Alba;Mohammed;Mühlenweg;80;41061;Leipzig;01514 / 34113697
Mila;Robinson;Bergstraße;57;45127;Dortmund;0172 / 41973193
Olivia;Kobayashi;Kirchstraße;71;80331;Hamburg;01514 / 19143667
Nina;Young;Dorfstraße;11;80331;Leipzig;01577 / 64137237
Yara;Tanaka;Gartenstraße;14;60311;Essen;01520 / 6943683
Mona;Jimenez;Wiesenweg;73;40213;Essen;01573 / 63487659
Alba;Abe;Gartenstraße;28;80331;Hamburg;0173 / 46723341
Amina;Lewis;Mühlenweg;119;40213;Frankfurt;0160 / 40771869
Noah;Kobayashi;Waldstraße;94;80331;Köln;01512 / 7810868
Huda;Martin;Bergstraße;80;45127;Düsseldorf;01522 / 48526147
Sami;Gonzalez;Bahnhofstraße;98;60311;Düsseldorf;01522 / 82339016
Klaus;Young;Schulstraße;81;50667;Düsseldorf;01512 / 30664194
Lina;Mostafa;Schulstraße;44;40213;Frankfurt;01578 / 3905806
Juan;Evans;Wiesenweg;103;44135;Stuttgart;01512 / 11064755
Huda;Perez;Hauptstraße;109;45127;München;01520 / 38673797
Ali;Ruiz;Kirchstraße;150;70173;Leipzig;01515 / 60147831
Isabella;Marques;Bahnhofstraße;2;44135;Düsseldorf;01577 / 54398771
Alejandro;Honda;Bahnhofstraße;70;41061;Düsseldorf;01525 / 55450223
Mila;Hidalgo;Wiesenweg;132;60311;Stuttgart;0177 / 6995216
Julio;Inoue;Hauptstraße;133;44135;Berlin;0162 / 22646279
Juan;Gruber;Kirchstraße;68;45127;Köln;0172 / 32775188
Dalia;Guerrero;Schulstraße;134;10115;Essen;01522 / 79117825
Zain;Thompson;Bergstraße;51;40213;München;01522 / 27141555
Marta;Cruz;Hauptstraße;63;40213;Leipzig;01525 / 9989017
Samir;Matsumoto;Bergstraße;132;10115;Hamburg;01573 / 37719675
Marie;Medina;Kirchstraße;57;50667;München;01525 / 82606249
Pablo;Reyes;Hauptstraße;69;45127;Essen;01525 / 45027198
Ben;Hidalgo;Gartenstraße;123;70173;Stuttgart;01514 / 10767052
Clara;Castro;Gartenstraße;2;70173;Berlin;01577 / 35127329
Ava;Ortiz;Gartenstraße;38;44135;Berlin;0163 / 62480598
Lucia;Ortiz;Gartenstraße;62;40213;Leipzig;0172 / 26360725
Manuel;Joshi;Dorfstraße;50;41061;München;01577 / 84427198
Sebastian;Uchida;Bergstraße;81;20095;Berlin;01520 / 79780325
Paul;Wang;Bergstraße;138;44135;Stuttgart;0176 / 44174048
Clara;Mori;Bergstraße;34;40213;Frankfurt;01511 / 14424969
Yara;Barbosa;Dorfstraße;92;40213;Essen;01570 / 42053699
Greta;Müller;Schulstraße;1;40213;München;0159 / 19040017
Sofia;Hall;Bahnhofstraße;149;60311;Berlin;01522 / 50467412
Emilia;Fischer;Bergstraße;33;60311;Köln;01573 / 29887140
Rana;Sharma;Mühlenweg;120;80331;Stuttgart;0172 / 6497642
Marvin;Sanders;Dorfstraße;91;20095;Hamburg;01505 / 48710545
Yara;Kumar;Bahnhofstraße;13;40213;Berlin;01525 / 87164841
Heidi;Bautista;Kirchstraße;101;70173;Hamburg;0175 / 40453522
Marta;Nelson;Gartenstraße;69;20095;Berlin;0159 / 12398535
Zara;Perez;Hauptstraße;17;50667;Stuttgart;0171 / 51036434
Bilal;Kumar;Bergstraße;138;80331;Berlin;01512 / 62451632
Paul;Montoya;Gartenstraße;20;45127;Hamburg;01525 / 31196663
Lara;Sharma;Gartenstraße;130;50667;Berlin;0179 / 11562719
Noah;Mendes;Hauptstraße;75;70173;Köln;0179 / 16863619
Nour;Ogawa;Kirchstraße;19;20095;Düsseldorf;0162 / 24763290
Manuel;Santos;Kirchstraße;44;45127;Hamburg;01511 / 87234732
Ana;Fujita;Bergstraße;133;20095;Dortmund;01520 / 49554459
Camila;Murphy;Bergstraße;46;40213;München;0173 / 35447634
Sara;Flores;Hauptstraße;2;50667;München;01522 / 51069847
Zara;Ibrahim;Schulstraße;27;20095;München;01525 / 9394154
Lotte;Suzuki;Schulstraße;101;50667;Düsseldorf;0177 / 74400357