Country;Code;Continent;Year;GDP per capita;Population;Life Expectancy
Afghanistan;AFG;Asia;2010;2026,2;28284088;60,7
Afghanistan;AFG;Asia;2020;1968,3;39068978;61,5
Albania;ALB;Europe;1990;4827,1;3277964;72,7
Albania;ALB;Europe;2000;5892,6;3166147;74,8
Albania;ALB;Europe;2010;10749,5;2928730;78,4
Albania;ALB;Europe;2020;13278,4;2871951;77,8
Algeria;DZA;Africa;1990;8828,9;25375816;67,7
Algeria;DZA;Africa;2000;8786,2;30903895;70,6
Algeria;DZA;Africa;2010;11007,7;36188236;74,1
Algeria;DZA;Africa;2020;10844,8;44042093;73,3
Angola;AGO;Africa;1990;5793,1;11626359;41,9
Angola;AGO;Africa;2000;4728,4;16194872;46,5
Angola;AGO;Africa;2010;7689,8;23294821;57,2
Angola;AGO;Africa;2020;6029,7;33451140;63,1
Antigua and Barbuda;ATG;North America;1990;17016,9;63087;73,6
Antigua and Barbuda;ATG;North America;2000;20674,8;74929;74,8
Antigua and Barbuda;ATG;North America;2010;20848,9;85337;76,7
Antigua and Barbuda;ATG;North America;2020;19062,4;91864;77,2
Argentina;ARG;South America;1990;14136,5;32755907;71,6
Argentina;ARG;South America;2000;18524,8;37213985;73,9
Argentina;ARG;South America;2010;23521,3;41288694;75,7
Argentina;ARG;South America;2020;19694,6;45191960;75,9
Armenia;ARM;Asia;1990;5153,3;3552129;67,7
Armenia;ARM;Asia;2000;3921,9;3125630;70,8
Armenia;ARM;Asia;2010;9068,8;2931083;72,9
Armenia;ARM;Asia;2020;13357,7;2890894;68,9
Australia;AUS;Oceania;1990;30898;17126301;77
Australia;AUS;Oceania;2000;38412,6;19132473;79,6
Australia;AUS;Oceania;2010;44881,3;22141583;82
Australia;AUS;Oceania;2020;48651,7;25743787;83,7
Austria;AUT;Europe;1990;37494,6;7679626;75,7
Austria;AUT;Europe;2000;46469,9;8012929;78,2
Austria;AUT;Europe;2010;51843,4;8365087;80,5
Austria;AUT;Europe;2020;51854,8;8921402;81,8
Azerbaijan;AZE;Asia;1990;7616,9;7231085;62,8
Azerbaijan;AZE;Asia;2000;3998,5;8174783;65,4
Azerbaijan;AZE;Asia;2010;14082,2;9146852;70,3
Azerbaijan;AZE;Asia;2020;13726,8;10181736;70,3
Bahamas;BHS;North America;1990;36161,1;275955;70,9
Bahamas;BHS;North America;2000;36972;323846;72,5
Bahamas;BHS;North America;2010;34539,6;367482;73,4
Bahamas;BHS;North America;2020;26132,2;395874;73
Bahrain;BHR;Asia;1990;36997,7;514800;72,6
Bahrain;BHR;Asia;2000;46154;669590;74,7
Bahrain;BHR;Asia;2010;45600,1;1213250;78,6
Bahrain;BHR;Asia;2020;47994,4;1483081;78,7
Bangladesh;BGD;Asia;1990;1730,4;111633723;55,8
Bangladesh;BGD;Asia;2000;2267,1;134544303;62
Bangladesh;BGD;Asia;2010;3395,4;152201977;68
Bangladesh;BGD;Asia;2020;5591,4;166298024;71,4
Barbados;BRB;North America;1990;14086,4;258581;73,5
Barbados;BRB;North America;2000;15505,9;262069;74,6
Barbados;BRB;North America;2010;16011,4;275250;75,5
Barbados;BRB;North America;2020;14003,9;281705;76,6
Belarus;BLR;Europe;1990;8895,2;10186257;71,1
Belarus;BLR;Europe;2000;8053,2;9991311;68,5
Belarus;BLR;Europe;2010;17300,7;9490752;70,5
Belarus;BLR;Europe;2020;19239,6;9350943;72,3
Belgium;BEL;Europe;1990;35506,9;9960969;76,1
Belgium;BEL;Europe;2000;43024,1;10251719;77,8
Belgium;BEL;Europe;2010;47972,6;10936620;80
Belgium;BEL;Europe;2020;49031;11540103;80,8
Belize;BLZ;North America;1990;6292,2;183090;69,6
Belize;BLZ;North America;2000;8656,3;240809;68,9
Belize;BLZ;North America;2010;8996,4;320256;70,9
Belize;BLZ;North America;2020;7586;390819;71,6
Benin;BEN;Africa;1990;2109,6;5281485;53
Benin;BEN;Africa;2000;2431,4;7221618;56,6
Benin;BEN;Africa;2010;2634,1;9797488;58,4
Benin;BEN;Africa;2020;3186,5;13070170;60,2
Bhutan;BTN;Asia;1990;2895,5;589295;55,8
Bhutan;BTN;Asia;2000;4323;596870;61,8
Bhutan;BTN;Asia;2010;8416,1;701639;68,8
Bhutan;BTN;Asia;2020;11176,3;770014;72,3
Bolivia;BOL;South America;1990;4437,9;7130142;56,8
Bolivia;BOL;South America;2000;5305,6;8606331;62,1
Bolivia;BOL;South America;2010;6499,8;10182345;66
Bolivia;BOL;South America;2020;7679,9;11816300;62,9
Bosnia and Herzegovina;BIH;Europe;2000;6826;4159785;75,3
Bosnia and Herzegovina;BIH;Europe;2010;10636,1;3811480;76,8
Bosnia and Herzegovina;BIH;Europe;2020;14587,6;3299352;76
Botswana;BWA;Africa;1990;9164,8;1305699;60,1
Botswana;BWA;Africa;2000;11461,9;1677384;52,3
Botswana;BWA;Africa;2010;12653,2;2033110;59,1
Botswana;BWA;Africa;2020;13545;2365895;67,6
Brazil;BRA;South America;1990;10401,8;149143224;65,9
Brazil;BRA;South America;2000;11529,5;174018276;69,6
Brazil;BRA;South America;2010;14824,7;193701931;73,8
Brazil;BRA;South America;2020;14109,8;208660845;74,5
Brunei;BRN;Asia;1990;70358,7;255306;71,6
Brunei;BRN;Asia;2000;68865,8;326428;74
Brunei;BRN;Asia;2010;66484,2;392340;74,8
Brunei;BRN;Asia;2020;61603,6;447412;75,1
Bulgaria;BGR;Europe;1990;12508,3;8822365;71,3
Bulgaria;BGR;Europe;2000;10504,8;8000519;71,6
Bulgaria;BGR;Europe;2010;18164,1;7437594;73,8
Bulgaria;BGR;Europe;2020;22466,9;6933654;73,6
Burkina Faso;BFA;Africa;1990;981,8;9159359;49,3
Burkina Faso;BFA;Africa;2000;1266,7;11925548;50,8
Burkina Faso;BFA;Africa;2010;1661,9;16176504;56,3
Burkina Faso;BFA;Africa;2020;2089,6;21478692;60,5
Burundi;BDI;Africa;1990;1175,2;5587053;45,2
Burundi;BDI;Africa;2000;837,3;6470196;47,6
Burundi;BDI;Africa;2010;804,4;9376447;57,1
Burundi;BDI;Africa;2020;711,4;12617042;62,6
Cambodia;KHM;Asia;2000;1486,1;12462343;59,5
Cambodia;KHM;Asia;2010;2707;14500732;67,3
Cambodia;KHM;Asia;2020;4276,2;16725482;70,1
Cameroon;CMR;Africa;1990;3483,2;11331825;54,3
Cameroon;CMR;Africa;2000;2938;14912633;53,3
Cameroon;CMR;Africa;2010;3298,6;19668064;57
Cameroon;CMR;Africa;2020;3665,5;26210566;61,7
Canada;CAN;North America;1990;34544,6;27789436;77,4
Canada;CAN;North America;2000;41307,8;30891800;79,2
Canada;CAN;North America;2010;44858,8;34196901;81,3
Canada;CAN;North America;2020;46193,2;38171901;81,7
Cape Verde;CPV;Africa;1990;1816;375436;63,9
Cape Verde;CPV;Africa;2000;4255,7;453334;68,1
Cape Verde;CPV;Africa;2010;6597,9;509794;72,5
Cape Verde;CPV;Africa;2020;6073,4;514684;73,8
Central African Republic;CAF;Africa;1990;1200,6;2871915;49,9
Central African Republic;CAF;Africa;2000;1007,2;3833422;46,6
Central African Republic;CAF;Africa;2010;1130,9;4493001;46,9
Central African Republic;CAF;Africa;2020;847,8;5026629;50,6
Chad;TCD;Africa;1990;1027,2;5982839;45,1
Chad;TCD;Africa;2000;907,8;8512092;47,9
Chad;TCD;Africa;2010;1741,1;12312582;50,1
Chad;TCD;Africa;2020;1489,2;17224685;53,1
Chile;CHL;South America;1990;9701,8;13437178;73,7
Chile;CHL;South America;2000;15415,8;15503637;77,1
Chile;CHL;South America;2010;21225,1;17181462;79,1
Chile;CHL;South America;2020;22970,6;19370619;79,3
China;CHN;Asia;1990;1423,9;1153582718;68,2
China;CHN;Asia;2000;3451,7;1269581164;72,3
China;CHN;Asia;2010;8884,6;1351561511;75,7
China;CHN;Asia;2020;16296,6;1426106083;78
Colombia;COL;South America;1990;8435;32440064;68,7
Colombia;COL;South America;2000;9138,3;39089939;70,9
Colombia;COL;South America;2010;11890,2;44777325;74,9
Colombia;COL;South America;2020;13358,3;50629997;74,8
Comoros;COM;Africa;1990;2922,7;444602;55,6
Comoros;COM;Africa;2000;2863,2;536084;58,9
Comoros;COM;Africa;2010;3025,5;654845;62,7
Comoros;COM;Africa;2020;3222,4;802172;65,8
Congo;COG;Africa;1990;5080,1;2380562;57,1
Congo;COG;Africa;2000;4454,3;3151349;55,4
Congo;COG;Africa;2010;5050,3;4462303;61,7
Congo;COG;Africa;2020;3748,9;5752791;64,4
Costa Rica;CRI;North America;1990;9810,6;3121707;76,1
Costa Rica;CRI;North America;2000;12570,7;3937737;77,3
Costa Rica;CRI;North America;2010;16667;4555965;79,4
Costa Rica;CRI;North America;2020;19778,4;5034323;79,7
Cote d'Ivoire;CIV;Africa;1990;4351,5;12189781;52,8
Cote d'Ivoire;CIV;Africa;2000;4123,8;17699006;51,4
Cote d'Ivoire;CIV;Africa;2010;3737,4;22488068;55,3
Cote d'Ivoire;CIV;Africa;2020;5092,2;28915452;60,1
Croatia;HRV;Europe;2000;18331,3;4326105;74
Croatia;HRV;Europe;2010;24643,2;4301152;76,7
Croatia;HRV;Europe;2020;27002,2;3953957;77,5
Cyprus;CYP;Europe;1990;25232,2;788354;76
Cyprus;CYP;Europe;2000;32943,4;947667;77,9
Cyprus;CYP;Europe;2010;38297;1127825;80,6
Cyprus;CYP;Europe;2020;39871,9;1302250;81,2
Czechia;CZE;Europe;1990;23585,2;10301990;71,4
Czechia;CZE;Europe;2000;24976,5;10236809;75
Czechia;CZE;Europe;2010;33483,1;10464035;77,6
Czechia;CZE;Europe;2020;38640;10550130;78,2
Democratic Republic of Congo;COD;Africa;1990;1750,2;36684066;48,5
Democratic Republic of Congo;COD;Africa;2000;728,2;50507444;51,9
Democratic Republic of Congo;COD;Africa;2010;841,9;68563037;56,4
Democratic Republic of Congo;COD;Africa;2020;1044,1;95989999;60,4
Denmark;DNK;Europe;1990;39028;5141025;74,9
Denmark;DNK;Europe;2000;48907;5339660;76,8
Denmark;DNK;Europe;2010;50825,4;5547866;79,2
Denmark;DNK;Europe;2020;55275,1;5831530;81,5
Djibouti;DJI;Africa;2020;4759,3;1105194;64,2
Dominica;DMA;North America;1990;7855,8;69644;70,5
Dominica;DMA;North America;2000;9763,9;68527;71,7
Dominica;DMA;North America;2010;12335,1;68872;71,7
Dominica;DMA;North America;2020;10255,9;67589;71,3
Dominican Republic;DOM;North America;1990;6207,1;7151163;67,7
Dominican Republic;DOM;North America;2000;9246,3;8584196;70,4
Dominican Republic;DOM;North America;2010;12677;9820181;72
Dominican Republic;DOM;North America;2020;16768,4;11008297;72,6
East Timor;TLS;Asia;2000;2319,7;745095;58,1
East Timor;TLS;Asia;2010;2914,7;1084687;63,7
East Timor;TLS;Asia;2020;4861,7;1326051;66,9
Ecuador;ECU;South America;1990;8120;10473674;68,4
Ecuador;ECU;South America;2000;8211,7;12689214;72,1
Ecuador;ECU;South America;2010;10355,8;15076695;75,2
Ecuador;ECU;South America;2020;10357;17546058;72
Egypt;EGY;Africa;1990;6291,7;58396625;62,5
Egypt;EGY;Africa;2000;7869,3;73083287;67,3
Egypt;EGY;Africa;2010;10333,3;89196070;69,1
Egypt;EGY;Africa;2020;11989,6;109315119;69,8
El Salvador;SLV;North America;1990;5190;5399729;62
El Salvador;SLV;North America;2000;6497;5943366;67,7
El Salvador;SLV;North America;2010;7410,2;6068252;70,9
El Salvador;SLV;North America;2020;8294,5;6234680;70,2
Equatorial Guinea;GNQ;Africa;1990;936,4;474288;51,4
Equatorial Guinea;GNQ;Africa;2000;9890,8;703286;53,4
Equatorial Guinea;GNQ;Africa;2010;29944,3;1189096;58,3
Equatorial Guinea;GNQ;Africa;2020;15045,5;1716479;62,1
Estonia;EST;Europe;2000;17765,2;1397001;71
Estonia;EST;Europe;2010;26015,7;1331450;75,9
Estonia;EST;Europe;2020;35883,3;1329674;78,9
Eswatini;SWZ;Africa;1990;4909,3;872436;61,2
Eswatini;SWZ;Africa;2000;5443,4;1041428;47,6
Eswatini;SWZ;Africa;2010;7221,3;1111650;48,3
Eswatini;SWZ;Africa;2020;8290,4;1192733;59,9
Ethiopia;ETH;Africa;1990;767,2;47609762;45,1
Ethiopia;ETH;Africa;2000;719;67411495;50,9
Ethiopia;ETH;Africa;2010;1236,5;90538520;59,7
Ethiopia;ETH;Africa;2020;2253,2;118917671;66
Fiji;FJI;Oceania;1990;7889,9;773326;65,1
Fiji;FJI;Oceania;2000;9328,6;840913;66,2
Fiji;FJI;Oceania;2010;10019,4;910426;66,8
Fiji;FJI;Oceania;2020;10961,8;914970;66,9
Finland;FIN;Europe;1990;32939,4;4986574;75
Finland;FIN;Europe;2000;39894,2;5176198;77,7
Finland;FIN;Europe;2010;45874,7;5363347;80
Finland;FIN;Europe;2020;47371,2;5529617;81,8
France;FRA;Europe;1990;33843;56990239;76,8
France;FRA;Europe;2000;39726,5;59483716;79
France;FRA;Europe;2010;42145,7;63417366;81,4
France;FRA;Europe;2020;42344,9;65905273;82,2
Gabon;GAB;Africa;1990;17559;983740;60,7
Gabon;GAB;Africa;2000;15987,1;1275578;61,8
Gabon;GAB;Africa;2010;13682,8;1719883;64,7
Gabon;GAB;Africa;2020;13903,3;2322536;67,1
Gambia;GMB;Africa;1990;2080,2;1054703;51,3
Gambia;GMB;Africa;2000;2081,2;1455095;56,9
Gambia;GMB;Africa;2010;2172,2;1926635;61,2
Gambia;GMB;Africa;2020;2042,6;2515744;64,4
Georgia;GEO;Asia;1990;11135,5;5448866;68,7
Georgia;GEO;Asia;2000;4919,2;4328363;70,1
Georgia;GEO;Asia;2010;9735,2;3895933;71,7
Georgia;GEO;Asia;2020;13966,3;3795680;73,5
Germany;DEU;Europe;1990;36699,5;79707964;75,3
Germany;DEU;Europe;2000;42928,2;81797255;78,1
Germany;DEU;Europe;2010;46999,2;80830917;80,1
Germany;DEU;Europe;2020;51780;83628711;81
Ghana;GHA;Africa;1990;2299,6;15394649;55,4
Ghana;GHA;Africa;2000;2752,2;19637087;58,1
Ghana;GHA;Africa;2010;3709,4;25475001;61,3
Ghana;GHA;Africa;2020;5263,5;31887801;64,3
Greece;GRC;Europe;1990;24262,7;10258492;77,3
Greece;GRC;Europe;2000;29133,7;10782638;78,4
Greece;GRC;Europe;2010;33693,2;11124665;80,6
Greece;GRC;Europe;2020;27009,2;10699370;81,5
Grenada;GRD;North America;1990;8572;99974;70,5
Grenada;GRD;North America;2000;11116,7;107466;73
Grenada;GRD;North America;2010;12494;111601;74,7
Grenada;GRD;North America;2020;13175,5;116353;75
Guatemala;GTM;North America;1990;5561,1;9024776;61,8
Guatemala;GTM;North America;2000;6499,9;11697592;67,1
Guatemala;GTM;North America;2010;7336;14500117;69,9
Guatemala;GTM;North America;2020;8389,1;17357331;70
Guinea;GIN;Africa;1990;1507,2;6434383;47,3
Guinea;GIN;Africa;2000;1685,3;8428837;52,4
Guinea;GIN;Africa;2010;1856,5;10396091;56,4
Guinea;GIN;Africa;2020;2604,1;13371187;59,3
Guinea-Bissau;GNB;Africa;1990;1998,2;973681;46,9
Guinea-Bissau;GNB;Africa;2000;1681,4;1234746;50,6
Guinea-Bissau;GNB;Africa;2010;1697,5;1566350;57
Guinea-Bissau;GNB;Africa;2020;1803,6;2013259;61,3
Guyana;GUY;South America;1990;4818,4;749893;62,3
Guyana;GUY;South America;2000;7650;764837;64,1
Guyana;GUY;South America;2010;9831,8;749258;66,2
Guyana;GUY;South America;2020;18430,6;807487;67,8
Haiti;HTI;North America;1990;3612,8;6854444;53,2
Haiti;HTI;North America;2000;2991,6;8303151;58,2
Haiti;HTI;North America;2010;2943,5;9803299;45,6
Haiti;HTI;North America;2020;2970,5;11243847;63,8
Honduras;HND;North America;1990;3912,7;4980491;65,2
Honduras;HND;North America;2000;4058;6577780;68,3
Honduras;HND;North America;2010;4790,1;8365882;69,8
Honduras;HND;North America;2020;5028,1;10119637;70,9
Hungary;HUN;Europe;2000;19408,9;10190596;71,8
Hungary;HUN;Europe;2010;24473,5;9979129;74,5
Hungary;HUN;Europe;2020;31232,1;9749460;75,7
Iceland;ISL;Europe;2000;41530,5;281294;79,5
Iceland;ISL;Europe;2010;47457,6;318163;81,6
Iceland;ISL;Europe;2020;51684,4;366626;82,7
India;IND;Asia;1990;1819;864972219;58,6
India;IND;Asia;2000;2571,1;1057922728;62,7
India;IND;Asia;2010;4213,4;1243481564;67,2
India;IND;Asia;2020;6172;1402617692;70,2
Indonesia;IDN;Asia;1990;4519,7;183501097;63,2
Indonesia;IDN;Asia;2000;5621,3;216077791;66,3
Indonesia;IDN;Asia;2010;8212,6;246305326;68,4
Indonesia;IDN;Asia;2020;11515,7;274814864;68,8
Iran;IRN;Asia;1990;9442,2;58380097;64,1
Iran;IRN;Asia;2000;11026,1;66418662;70,2
Iran;IRN;Asia;2010;15099,5;77420852;74,4
Iran;IRN;Asia;2020;14432,4;87723446;74,1
Iraq;IRQ;Asia;1990;7449,5;17581208;57,6
Iraq;IRQ;Asia;2000;8779,8;24424059;64,9
Iraq;IRQ;Asia;2010;8178,3;31045365;68,1
Iraq;IRQ;Asia;2020;8848,1;42116604;69,7
Ireland;IRL;Europe;1990;26674;3514015;74,8
Ireland;IRL;Europe;2000;48441,7;3802590;76,5
Ireland;IRL;Europe;2010;53436,2;4559083;80,6
Ireland;IRL;Europe;2020;91791,4;4982604;82,4
Israel;ISR;Asia;2000;30476,4;6111195;79,2
Israel;ISR;Asia;2010;34350,5;7336737;82
Israel;ISR;Asia;2020;39680,7;8800379;82,7
Italy;ITA;Europe;1990;36585,7;57031457;77
Italy;ITA;Europe;2000;43053,9;57272200;79,6
Italy;ITA;Europe;2010;42664,4;60164212;82,1
Italy;ITA;Europe;2020;39093,5;59912763;82,2
Jamaica;JAM;North America;1990;8692,5;2379880;71,7
Jamaica;JAM;North America;2000;9496,5;2607828;71,3
Jamaica;JAM;North America;2010;9700;2748573;72
Jamaica;JAM;North America;2020;9206,3;2830746;71,5
Japan;JPN;Asia;1990;32846,4;123399767;79
Japan;JPN;Asia;2000;36323,1;127027796;81,2
Japan;JPN;Asia;2010;38070;128185273;82,9
Japan;JPN;Asia;2020;40044,5;126304536;84,7
Jordan;JOR;Asia;1990;8127,6;3621916;70,1
Jordan;JOR;Asia;2000;8866,5;5386944;71,9
Jordan;JOR;Asia;2010;11866,9;7297045;73,8
Jordan;JOR;Asia;2020;9231;10865231;75,6
Kazakhstan;KAZ;Asia;1990;13475,6;17154060;65,7
Kazakhstan;KAZ;Asia;2000;10275,8;15501107;63,8
Kazakhstan;KAZ;Asia;2010;20751,3;16836809;68,3
Kazakhstan;KAZ;Asia;2020;25361,5;19482117;71,2
Kenya;KEN;Africa;1990;3655,4;22892657;58,3
Kenya;KEN;Africa;2000;3303,3;30642894;56,1
Kenya;KEN;Africa;2010;3735,8;41598570;60,9
Kenya;KEN;Africa;2020;4497,4;52217327;61,6
Kiribati;KIR;Oceania;1990;2045,3;74871;61
Kiribati;KIR;Oceania;2000;2063,6;88631;64,7
Kiribati;KIR;Oceania;2010;1819,2;108717;65,9
Kiribati;KIR;Oceania;2020;1897,1;126110;65,2
Kosovo;OWID_KOS;Europe;2010;7627,9;1788755;74,6
Kosovo;OWID_KOS;Europe;2020;10706,5;1751415;74,2
Kuwait;KWT;Asia;2000;58117,2;1954713;75,9
Kuwait;KWT;Asia;2010;59780;2943372;77,5
Kuwait;KWT;Asia;2020;43922,6;4400146;78,2
Kyrgyzstan;KGZ;Asia;1990;5158,3;4459545;64,8
Kyrgyzstan;KGZ;Asia;2000;3078,9;5025151;65,2
Kyrgyzstan;KGZ;Asia;2010;4141,1;5491763;67,5
Kyrgyzstan;KGZ;Asia;2020;4790,7;6664142;69,1
Laos;LAO;Asia;1990;1939,1;4311960;54
Laos;LAO;Asia;2000;2804,8;5431214;58,3
Laos;LAO;Asia;2010;4793,2;6334198;63,7
Laos;LAO;Asia;2020;7763,9;7346533;68,3
Latvia;LVA;Europe;2000;12989,9;2368321;70,2
Latvia;LVA;Europe;2010;21173,4;2097834;73
Latvia;LVA;Europe;2020;29575,6;1901119;75,5
Lebanon;LBN;Asia;1990;5855,8;3595174;65,5
Lebanon;LBN;Asia;2000;12696,7;4329344;73,9
Lebanon;LBN;Asia;2010;19216,5;5041290;77,5
Lebanon;LBN;Asia;2020;13791,3;5702401;76,3
Lesotho;LSO;Africa;1990;1265,5;1809697;59,3
Lesotho;LSO;Africa;2000;1713,7;2003918;48,8
Lesotho;LSO;Africa;2010;2314,7;1996257;46
Lesotho;LSO;Africa;2020;2225,3;2235727;55,1
Liberia;LBR;Africa;2000;1725,1;2928117;51,9
Liberia;LBR;Africa;2010;1418,7;4058897;59,4
Liberia;LBR;Africa;2020;1383,8;5149471;61,3
Libya;LBY;Africa;2000;27130,5;5305020;70,5
Libya;LBY;Africa;2010;31394,2;6497838;72,2
Libya;LBY;Africa;2020;15621;7045404;72,4
Lithuania;LTU;Europe;2000;13846,7;3500410;72,1
Lithuania;LTU;Europe;2010;23942,8;3097719;73,2
Lithuania;LTU;Europe;2020;37179,8;2795766;75,1
Luxembourg;LUX;Europe;1990;70860,8;381707;75
Luxembourg;LUX;Europe;2000;99301,5;436142;77,3
Luxembourg;LUX;Europe;2010;114344;507418;80,1
Luxembourg;LUX;Europe;2020;112274,8;630597;81,4
Madagascar;MDG;Africa;1990;1808,7;12055648;52,1
Madagascar;MDG;Africa;2000;1569,6;16516337;58
Madagascar;MDG;Africa;2010;1512;22183343;62,6
Madagascar;MDG;Africa;2020;1436,2;28953560;62,7
Malawi;MWI;Africa;1990;937;9545860;43,6
Malawi;MWI;Africa;2000;1116,5;11315946;46,2
Malawi;MWI;Africa;2010;1354,7;14826466;57,8
Malawi;MWI;Africa;2020;1489,6;19533886;65,2
Malaysia;MYS;Asia;1990;10607,8;17833178;71
Malaysia;MYS;Asia;2000;16089,9;22967817;72,7
Malaysia;MYS;Asia;2010;20171,9;28655771;75,4
Malaysia;MYS;Asia;2020;25852,2;33889555;76,1
Maldives;MDV;Asia;2000;13564,3;282025;70,9
Maldives;MDV;Asia;2010;16521,9;360801;76,8
Maldives;MDV;Asia;2020;13809,4;502127;78,7
Mali;MLI;Africa;1990;1336,6;9178827;46,5
Mali;MLI;Africa;2000;1585,3;11559291;50,6
Mali;MLI;Africa;2010;2018,6;15945201;56
Mali;MLI;Africa;2020;2123,8;21713839;58,9
Malta;MLT;Europe;1990;16130,3;367913;76,2
Malta;MLT;Europe;2000;27522,8;399905;77,9
Malta;MLT;Europe;2010;32915,7;422652;81,4
Malta;MLT;Europe;2020;41753,8;518213;82,3
Marshall Islands;MHL;Oceania;1990;3417,7;44648;61,8
Marshall Islands;MHL;Oceania;2000;3148,6;50721;63,3
Marshall Islands;MHL;Oceania;2010;3764,2;52065;64,5
Marshall Islands;MHL;Oceania;2020;5724,7;42728;65,4
Mauritania;MRT;Africa;1990;4611,9;1951881;58,1
Mauritania;MRT;Africa;2000;4170,9;2613451;61
Mauritania;MRT;Africa;2010;4773,8;3390967;65,7
Mauritania;MRT;Africa;2020;5236,4;4600135;66,8
Mauritius;MUS;Africa;1990;8233,9;1089033;69,8
Mauritius;MUS;Africa;2000;12254,3;1216632;71,8
Mauritius;MUS;Africa;2010;17311,6;1282710;73,6
Mauritius;MUS;Africa;2020;20231,9;1283230;74,7
Mexico;MEX;North America;1990;16370,9;82820171;69
Mexico;MEX;North America;2000;19407;98625554;72,6
Mexico;MEX;North America;2010;19054,4;113623897;73,7
Mexico;MEX;North America;2020;18639,7;126799052;70,4
Micronesia (country);FSM;Oceania;1990;2925,4;100903;63,7
Micronesia (country);FSM;Oceania;2000;3301,4;112067;64,3
Micronesia (country);FSM;Oceania;2010;3500,4;107558;64,9
Micronesia (country);FSM;Oceania;2020;3420,5;110931;65,9
Moldova;MDA;Europe;2000;5004,7;4234970;67,5
Moldova;MDA;Europe;2010;8432,7;3631993;69,9
Moldova;MDA;Europe;2020;11848,9;3069135;69,9
Mongolia;MNG;Asia;1990;5030,1;2164578;58,8
Mongolia;MNG;Asia;2000;4424,7;2455184;63,5
Mongolia;MNG;Asia;2010;7518,8;2701738;67,1
Mongolia;MNG;Asia;2020;11666,8;3290788;70
Montenegro;MNE;Europe;2000;12419,1;634198;73,6
Montenegro;MNE;Europe;2010;16764,5;632090;75,7
Montenegro;MNE;Europe;2020;18259,1;607936;75,9
Morocco;MAR;Africa;1990;4119,9;24375558;62,4
Morocco;MAR;Africa;2000;4771,3;28423439;66,8
Morocco;MAR;Africa;2010;6775,9;32467008;70,8
Morocco;MAR;Africa;2020;7546,7;36584208;73,1
Mozambique;MOZ;Africa;1990;461;13094535;44,3
Mozambique;MOZ;Africa;2000;621,2;18129652;49,5
Mozambique;MOZ;Africa;2010;1043,6;22999235;55
Mozambique;MOZ;Africa;2020;1237,9;30783685;61,4
Myanmar;MMR;Asia;1990;616,3;39817252;57,2
Myanmar;MMR;Asia;2000;1082,8;45290851;60,4
Myanmar;MMR;Asia;2010;3094;49024376;63,5
Myanmar;MMR;Asia;2020;4708,6;53016525;66,6
Namibia;NAM;Africa;1990;6223,5;1369308;61,4
Namibia;NAM;Africa;2000;6713;1818651;52,9
Namibia;NAM;Africa;2010;9115,5;2109813;56,1
Namibia;NAM;Africa;2020;9041,8;2728763;64,1
Nauru;NRU;Oceania;2010;6448,5;10067;60,1
Nauru;NRU;Oceania;2020;10812,9;11665;61,5
Nepal;NPL;Asia;1990;1554,6;19524578;54,8
Nepal;NPL;Asia;2000;2020,9;24546510;62,6
Nepal;NPL;Asia;2010;2682,7;27341955;66,8
Nepal;NPL;Asia;2020;3761,8;28966582;69,1
Netherlands;NLD;Europe;1990;36461,4;15030884;77
Netherlands;NLD;Europe;2000;47422,2;16058758;78,1
Netherlands;NLD;Europe;2010;52033;16771232;80,8
Netherlands;NLD;Europe;2020;54275;17636732;81,4
New Zealand;NZL;Oceania;1990;27998,4;3396981;75,4
New Zealand;NZL;Oceania;2000;32728,3;3857576;78,7
New Zealand;NZL;Oceania;2010;37558;4347767;81,1
New Zealand;NZL;Oceania;2020;42052,1;5069893;82,7
Nicaragua;NIC;North America;1990;3409,8;4162566;62,5
Nicaragua;NIC;North America;2000;3927,1;5022636;66,4
Nicaragua;NIC;North America;2010;4586,9;5737451;71,8
Nicaragua;NIC;North America;2020;5230,6;6565267;70,8
Niger;NER;Africa;1990;1077,9;8286066;41,7
Niger;NER;Africa;2000;909,3;11509635;49,2
Niger;NER;Africa;2010;1024,7;16548832;57,1
Niger;NER;Africa;2020;1214,5;23717614;59,9
Nigeria;NGA;Africa;1990;3259,6;97120926;45,7
Nigeria;NGA;Africa;2000;2963,3;126382491;47,1
Nigeria;NGA;Africa;2010;4857,3;166642887;51,3
Nigeria;NGA;Africa;2020;4865,1;213996186;53,1
North Macedonia;MKD;Europe;1990;11111,3;2063689;71,3
North Macedonia;MKD;Europe;2000;10224,8;2057255;72,6
North Macedonia;MKD;Europe;2010;13515,1;2051510;75
North Macedonia;MKD;Europe;2020;15779,8;1872021;74,5
Norway;NOR;Europe;1990;42302,3;4241438;76,6
Norway;NOR;Europe;2000;57473,2;4490866;78,7
Norway;NOR;Europe;2010;61673;4889160;81
Norway;NOR;Europe;2020;63776,2;5379274;83,2
Oman;OMN;Asia;1990;30462,2;1763957;69
Oman;OMN;Asia;2000;37392,2;2282138;73,6
Oman;OMN;Asia;2010;40819,9;2757451;77,2
Oman;OMN;Asia;2020;33098,2;4522503;77,8
Pakistan;PAK;Asia;1990;3034,1;116155583;59,7
Pakistan;PAK;Asia;2000;3338,5;154879124;61,9
Pakistan;PAK;Asia;2010;4082,3;199239047;64,4
Pakistan;PAK;Asia;2020;5004,4;235001743;65,7
Palau;PLW;Oceania;2000;13301,3;19206;64,5
Palau;PLW;Oceania;2010;14744,8;18418;68,3
Palau;PLW;Oceania;2020;16404,5;17817;68,7
Palestine;PSE;Asia;2000;4503,2;3151801;70,3
Palestine;PSE;Asia;2010;5411,1;4016915;73,3
Palestine;PSE;Asia;2020;5402,5;5069691;75
Panama;PAN;North America;1990;11211,8;2455589;71,3
Panama;PAN;North America;2000;15179,4;3010376;73,4
Panama;PAN;North America;2010;22237,1;3628537;76,4
Panama;PAN;North America;2020;26606,3;4293258;76,3
Papua New Guinea;PNG;Oceania;1990;2907,4;3896484;59,8
Papua New Guinea;PNG;Oceania;2000;3048;5537068;61,6
Papua New Guinea;PNG;Oceania;2010;3283,8;7633523;63,1
Papua New Guinea;PNG;Oceania;2020;3741,7;9815741;65,1
Paraguay;PRY;South America;1990;8818,6;4035749;67,3
Paraguay;PRY;South America;2000;8862,1;5100874;70
Paraguay;PRY;South America;2010;11281,3;5737974;72,6
Paraguay;PRY;South America;2020;13317,3;6603742;72,7
Peru;PER;South America;1990;5240,3;22014771;64
Peru;PER;South America;2000;6375,6;26598327;69,8
Peru;PER;South America;2010;9996,9;29086021;72,9
Peru;PER;South America;2020;11187,3;32838576;73,8
Philippines;PHL;Asia;1990;4232,5;62854667;64,4
Philippines;PHL;Asia;2000;4455,7;79625402;67,8
Philippines;PHL;Asia;2010;5876,5;96337126;68,9
Philippines;PHL;Asia;2020;7773,3;112081271;70,1
Poland;POL;Europe;1990;11259,4;38055449;70,6
Poland;POL;Europe;2000;16177,9;38258076;73,6
Poland;POL;Europe;2010;23692,9;38095356;76,3
Poland;POL;Europe;2020;32546,8;38171005;76,6
Portugal;PRT;Europe;1990;23556,9;9989528;74,3
Portugal;PRT;Europe;2000;30383,1;10283196;76,8
Portugal;PRT;Europe;2010;31798,2;10578659;80,1
Portugal;PRT;Europe;2020;32011,3;10370519;81,4
Qatar;QAT;Asia;2000;79400,4;644993;75,3
Qatar;QAT;Asia;2010;103902,5;1709240;79,4
Qatar;QAT;Asia;2020;89019,1;2803373;80,4
Romania;ROU;Europe;1990;13376,2;22939529;69,8
Romania;ROU;Europe;2000;12176,6;22046264;71,2
Romania;ROU;Europe;2010;20415,6;20432576;73,6
Romania;ROU;Europe;2020;29057,4;19392469;74
Russia;RUS;Europe;1990;21482,7;148979538;69,3
Russia;RUS;Europe;2000;14569,9;146717784;65
Russia;RUS;Europe;2010;23961,2;143934468;68,2
Russia;RUS;Europe;2020;26586,6;146371293;71,2
Rwanda;RWA;Africa;1990;933,1;7375311;47,8
Rwanda;RWA;Africa;2000;849,1;8213935;47,8
Rwanda;RWA;Africa;2010;1468,4;10317559;62,8
Rwanda;RWA;Africa;2020;2066,5;13065839;67
Saint Kitts and Nevis;KNA;North America;1990;14170,4;40456;65,6
Saint Kitts and Nevis;KNA;North America;2000;19631,7;45272;69,2
Saint Kitts and Nevis;KNA;North America;2010;24558,8;46871;71,5
Saint Kitts and Nevis;KNA;North America;2020;26678,3;46896;71,2
Saint Lucia;LCA;North America;1990;11419,1;137873;70
Saint Lucia;LCA;North America;2000;12808,7;158624;70,8
Saint Lucia;LCA;North America;2010;14267,1;170920;72,8
Saint Lucia;LCA;North America;2020;11651,2;178261;72,3
Saint Vincent and the Grenadines;VCT;North America;1990;6480;111824;70,6
Saint Vincent and the Grenadines;VCT;North America;2000;8708,8;113562;70,3
Saint Vincent and the Grenadines;VCT;North America;2010;11571,1;109976;70,7
Saint Vincent and the Grenadines;VCT;North America;2020;13690,9;103540;69,6
Samoa;WSM;Oceania;1990;3656;169059;67,8
Samoa;WSM;Oceania;2000;4174,4;181695;70,8
Samoa;WSM;Oceania;2010;5808,4;193035;71,5
Samoa;WSM;Oceania;2020;6062,5;211958;70,7
San Marino;SMR;Europe;2000;75881,9;26823;80,5
San Marino;SMR;Europe;2010;71156,1;30648;83,5
San Marino;SMR;Europe;2020;56364,2;34796;82,6
Sao Tome and Principe;STP;Africa;2010;2992,6;181811;63,9
Sao Tome and Principe;STP;Africa;2020;3507,4;217449;68
Saudi Arabia;SAU;Asia;1990;42163,8;10640698;68,9
Saudi Arabia;SAU;Asia;2000;40406,3;16177733;72,6
Saudi Arabia;SAU;Asia;2010;41231,6;25157135;75,6
Saudi Arabia;SAU;Asia;2020;44770,9;30991205;77,6
Senegal;SEN;Africa;1990;2469,6;7720523;56,7
Senegal;SEN;Africa;2000;2620,1;9968263;57,6
Senegal;SEN;Africa;2010;2830,2;12635418;64,2
Senegal;SEN;Africa;2020;3384,4;16789215;67,5
Serbia;SRB;Europe;2000;8900,7;7694608;72,3
Serbia;SRB;Europe;2010;14511,1;7395872;74,4
Serbia;SRB;Europe;2020;18262,8;6907817;74,5
Seychelles;SYC;Africa;1990;15538,4;74000;70,2
Seychelles;SYC;Africa;2000;20713;83339;71,3
Seychelles;SYC;Africa;2010;21792,3;94993;72,5
Seychelles;SYC;Africa;2020;26704,9;120299;74,1
Sierra Leone;SLE;Africa;1990;1433,1;4196833;43,7
Sierra Leone;SLE;Africa;2000;1044,6;4423614;44,8
Sierra Leone;SLE;Africa;2010;1401,3;6222715;51,9
Sierra Leone;SLE;Africa;2020;1586,4;7912558;59,7
Singapore;SGP;Asia;1990;37326,3;3039593;74,6
Singapore;SGP;Asia;2000;55959;4035251;77,8
Singapore;SGP;Asia;2010;78191,8;5077019;81,6
Singapore;SGP;Asia;2020;94910,1;5620150;83,7
Slovakia;SVK;Europe;2000;15666,5;5380001;73,1
Slovakia;SVK;Europe;2010;25630,4;5391857;75,5
Slovakia;SVK;Europe;2020;30961;5455028;76,9
Slovenia;SVN;Europe;2000;26276,9;1986818;75,8
Slovenia;SVN;Europe;2010;33350,6;2044612;79,3
Slovenia;SVN;Europe;2020;37155;2102419;80,4
Solomon Islands;SLB;Oceania;1990;2192,1;331449;66,2
Solomon Islands;SLB;Oceania;2000;2125,8;440481;67,1
Solomon Islands;SLB;Oceania;2010;2411,1;532977;68,7
Solomon Islands;SLB;Oceania;2020;2469,2;744507;69,3
Somalia;SOM;Africa;2020;1456,7;16651200;57,1
South Africa;ZAF;Africa;1990;10392;40746273;62,9
South Africa;ZAF;Africa;2000;10598,9;47159714;58,4
South Africa;ZAF;Africa;2010;13469,4;52344045;58,9
South Africa;ZAF;Africa;2020;12866,6;60562374;65,2
South Korea;KOR;Asia;1990;12656,4;44081425;71
South Korea;KOR;Asia;2000;22963,6;46766659;76,2
South Korea;KOR;Asia;2010;34394,5;48769330;80,7
South Korea;KOR;Asia;2020;42396,8;51858480;83,7
Spain;ESP;Europe;1990;27543,2;39084975;77
Spain;ESP;Europe;2000;34756,7;41019773;79,4
Spain;ESP;Europe;2010;37318,5;46840470;82
Spain;ESP;Europe;2020;36051,4;47679482;82,2
Sri Lanka;LKA;Asia;1990;4040;16352458;69,2
Sri Lanka;LKA;Asia;2000;6155;19293057;71,2
Sri Lanka;LKA;Asia;2010;9254,9;20879090;74,5
Sri Lanka;LKA;Asia;2020;12939,4;22561807;76,9
Sudan;SDN;Africa;1990;2756,5;22021483;55,5
Sudan;SDN;Africa;2000;4040,6;27816747;58,9
Sudan;SDN;Africa;2010;4745,3;35414403;63
Sudan;SDN;Africa;2020;3874,8;46789237;65,1
Suriname;SUR;South America;1990;13633,6;412500;62,1
Suriname;SUR;South America;2000;12848,5;476650;64,4
Suriname;SUR;South America;2010;18255,4;549932;69,6
Suriname;SUR;South America;2020;15329;612322;72,3
Sweden;SWE;Europe;1990;34156,8;8558569;77,6
Sweden;SWE;Europe;2000;40625,4;8872100;79,7
Sweden;SWE;Europe;2010;47791,4;9378234;81,5
Sweden;SWE;Europe;2020;51331,3;10353680;82,4
Switzerland;CHE;Europe;1990;56232;6713167;77,4
Switzerland;CHE;Europe;2000;59190,4;7184003;79,8
Switzerland;CHE;Europe;2010;65262,3;7825751;82,3
Switzerland;CHE;Europe;2020;67928,2;8640582;83,1
Tajikistan;TJK;Asia;1990;3990,9;5398774;61,6
Tajikistan;TJK;Asia;2000;1312,7;6284737;63,5
Tajikistan;TJK;Asia;2010;2360;7652144;68,4
Tajikistan;TJK;Asia;2020;3651,9;9749310;68,6
Tanzania;TZA;Africa;1990;1338,6;26110209;52
Tanzania;TZA;Africa;2000;1369,6;34260142;53,2
Tanzania;TZA;Africa;2010;1972,4;44758489;61,1
Tanzania;TZA;Africa;2020;2552,5;60972801;66,8
Thailand;THA;Asia;1990;7273,1;54738328;68,9
Thailand;THA;Asia;2000;9791,9;63007813;71,2
Thailand;THA;Asia;2010;14172,2;68579442;75
Thailand;THA;Asia;2020;16865,5;71641484;77,3
Togo;TGO;Africa;1990;1800,3;3998757;54,6
Togo;TGO;Africa;2000;1729,7;5140046;54,6
Togo;TGO;Africa;2010;1637,7;6732595;57,2
Togo;TGO;Africa;2020;2058,6;8669722;61,1
Tonga;TON;Oceania;1990;3625,5;99718;67,5
Tonga;TON;Oceania;2000;4806,2;102694;69,6
Tonga;TON;Oceania;2010;5002,7;107415;71,3
Tonga;TON;Oceania;2020;6357,1;105719;72,4
Trinidad and Tobago;TTO;North America;1990;9861,3;1252214;67,6
Trinidad and Tobago;TTO;North America;2000;16347,5;1319781;68,6
Trinidad and Tobago;TTO;North America;2010;27593,8;1386657;71,8
Trinidad and Tobago;TTO;North America;2020;23393;1481026;72,6
Tunisia;TUN;Africa;1990;5660,3;8324509;69,1
Tunisia;TUN;Africa;2000;7673,7;9764940;72,6
Tunisia;TUN;Africa;2010;10478;10765982;74,4
Tunisia;TUN;Africa;2020;10040,1;11974058;75
Turkey;TUR;Asia;1990;12535,9;56015626;67,8
Turkey;TUR;Asia;2000;15223,4;65425958;71,9
Turkey;TUR;Asia;2010;19804,5;73346766;75
Turkey;TUR;Asia;2020;28726,2;86091691;76,5
Turkmenistan;TKM;Asia;1990;7137,6;3760561;63,9
Turkmenistan;TKM;Asia;2000;4568,5;4582676;64,9
Turkmenistan;TKM;Asia;2010;8321,2;5564355;68,6
Turkmenistan;TKM;Asia;2020;14269,6;6949915;68,8
Tuvalu;TUV;Oceania;1990;2703,3;8821;61,6
Tuvalu;TUV;Oceania;2000;3484,3;9566;63,5
Tuvalu;TUV;Oceania;2010;3334,7;10635;64,8
Tuvalu;TUV;Oceania;2020;4578;10423;66,4
Uganda;UGA;Africa;1990;901,7;17569895;47,6
Uganda;UGA;Africa;2000;1241,5;24000157;49,6
Uganda;UGA;Africa;2010;1878,5;32390800;60
Uganda;UGA;Africa;2020;2240,5;44457149;66,4
Ukraine;UKR;Europe;1990;16428,5;52054094;70,4
Ukraine;UKR;Europe;2000;7496,8;49556655;67,8
Ukraine;UKR;Europe;2010;12221,4;46456002;70,2
Ukraine;UKR;Europe;2020;12407,8;44680009;73,3
United Arab Emirates;ARE;Asia;1990;109694,6;1898221;71,1
United Arab Emirates;ARE;Asia;2000;100311,7;3493584;76,3
United Arab Emirates;ARE;Asia;2010;56626,7;6938372;81,9
United Arab Emirates;ARE;Asia;2020;67668,3;9448529;81,9
United Kingdom;GBR;Europe;1990;30657,8;57367867;75,7
United Kingdom;GBR;Europe;2000;38645,3;59057336;77,8
United Kingdom;GBR;Europe;2010;42013,8;63006484;80,4
United Kingdom;GBR;Europe;2020;41895,8;67351860;80,4
United States;USA;North America;1990;40451,5;253373385;75,4
United States;USA;North America;2000;50169,9;281484127;76,8
United States;USA;North America;2010;54510,5;311062786;78,7
United States;USA;North America;2020;60158,9;339436157;77
Uruguay;URY;South America;1990;11112,7;3104403;73
Uruguay;URY;South America;2000;14762,9;3266211;74,7
Uruguay;URY;South America;2010;19542,6;3318582;76,7
Uruguay;URY;South America;2020;22073,4;3398967;78,4
Uzbekistan;UZB;Asia;1990;3638,9;20464963;65,8
Uzbekistan;UZB;Asia;2000;2967,6;24787051;65,5
Uzbekistan;UZB;Asia;2010;4954;28385508;69,8
Uzbekistan;UZB;Asia;2020;7407,7;33586372;71,5
Vanuatu;VUT;Oceania;1990;2774,1;148073;66,7
Vanuatu;VUT;Oceania;2000;2954,3;186290;68,6
Vanuatu;VUT;Oceania;2010;2972,4;238257;69,6
Vanuatu;VUT;Oceania;2020;2849;298868;70,4
Vietnam;VNM;Asia;1990;2099,4;65504551;69
Vietnam;VNM;Asia;2000;3690,9;77154015;72,7
Vietnam;VNM;Asia;2010;6324,5;87455150;73,6
Vietnam;VNM;Asia;2020;10450,6;98079196;75,4
Zambia;ZMB;Africa;1990;2290;7786165;48,2
Zambia;ZMB;Africa;2000;2096,5;10017634;46,6
Zambia;ZMB;Africa;2010;3083,4;13965592;56,9
Zambia;ZMB;Africa;2020;3183,7;19059395;63,4
Zimbabwe;ZWE;Africa;1990;2704,8;10137286;58,3
Zimbabwe;ZWE;Africa;2000;2750,6;11892057;46
Zimbabwe;ZWE;Africa;2010;1799,5;13356552;51,9
Zimbabwe;ZWE;Africa;2020;1990,3;15526888;61,5